lfdn;external_lfdn;tester;dispcode;lastpage;quality;duration;v_1;v_2;v_3;v_4;v_5;v_6;v_7;v_8;v_9;v_10;v_11;v_12;v_13;v_14;v_15;v_16;v_17;v_18;v_396;v_22;v_23;v_65;v_66;v_67;v_68;v_69;v_146;v_147;v_148;v_149;v_150;v_152;v_153;v_154;v_397;v_155;v_156;v_157;v_158;v_159;v_160;v_171;v_172;v_173;v_174;v_161;v_162;v_163;v_164;v_165;v_175;v_176;v_177;v_178;v_179;v_180;v_166;v_168;v_170;v_183;v_184;v_76;v_77;v_78;v_79;v_80;v_82;v_83;v_84;v_85;v_86;v_87;v_88;v_89;v_90;v_91;v_99;v_100;v_101;v_102;v_103;v_196;v_197;v_198;v_199;v_200;v_113;v_114;v_115;v_116;v_118;v_119;v_120;v_131;v_132;v_133;v_194;v_195;v_135;v_201;v_202;v_203;v_206;v_207;v_205;v_104;v_106;v_107;v_108;v_111;v_112;v_208;v_209;v_213;v_214;v_211;v_215;v_216;v_217;v_218;v_222;v_223;v_224;v_225;v_226;v_227;v_228;v_229;v_230;v_231;v_233;v_400;v_234;v_235;v_270;v_271;v_272;v_273;v_236;v_237;v_238;v_239;v_240;v_241;v_242;v_243;v_244;v_245;v_246;v_247;v_248;v_249;v_250;v_251;v_252;v_253;v_254;v_255;v_256;v_342;v_344;v_346;v_348;v_350;v_391;v_392;v_393;v_394;v_395;v_381;v_382;v_383;v_384;v_385;v_266;browser;referer;quota;quota_assignment;page_history;hflip;vflip;output_mode;javascript;flash;session_id;language;cleaned;ats;datetime;date_of_last_access;date_of_first_mail;rts381045;rts381055;rts381096;rts381268;rts381276;rts381613;rts381638;rts381735;rts381737;rts382176
33;0;0;31;379916;-77;772;7;1;1;1;1;1;0;0;-99;1;Germany;7;-99;2;-99;3;0;0;1;0;-99;5;3;4;4;4;5;4;4;3;4;4;2;4;5;4;5;5;4;3;4;5;4;5;5;4;4;3;5;5;5;4;4;3;5;5;2;1;1;5;3;3;1;1;0;1;0;-99;0;1;0;0;0;0;0;-99;1;0;1;0;-99;4;4;3;4;4;0;0;1;0;0;0;1;0;0;1;0;-99;0;0;0;1;0;-99;0;1;0;1;0;0;-99;1;0;0;-99;0;2;Flexibility!;1;0;0;-99;-99;4;4;4;2;4;2;4;5;4;4;2;4;2;5;4;2;3;4;3;4;2;2;2;4;5;2;4;2;4;3;4;4;2;5;5;2;10;20;9;0;0;overview lost too early;not enough support to fix and desing non-f. requirements;often detected too late ;-66;-66;0;1;0;-77;-77;-99;Mozilla/5.0 (Windows NT 6.1) AppleWebKit/537.11 (KHTML, like Gecko) Chrome/23.0.1271.64 Safari/537.11;-99;0;-99;381045,381055,381096,381268,381738,381735,381737,381736,381276,381613,382180,382176,381638,379916;1;0;0;-77;-77;dfb3d907a564b681633c9291b5850808;1;0;1353230140;18.11.12 09:15;18.11.12 09:28;0000-00-00 00:00:00;4;73;224;280;432;629;772;372;379;762
34;0;0;31;379916;-77;862;1;0;1;0;0;0;0;1;Consulting, SW Quality;2;Germany;8;All of them;6;Project Lead, Developer;3;0;1;1;0;-99;3;3;3;4;4;2;2;3;4;4;2;2;4;4;4;4;4;4;4;3;2;4;4;4;1;3;4;1;4;3;2;1;4;2;4;5;5;5;3;3;4;1;0;0;0;0;-99;0;0;0;0;0;1;0;-99;-77;-77;-77;-77;-66;-77;-77;-77;-77;-77;-77;-77;-77;-77;-77;-77;-77;-77;-77;-77;-77;-66;-77;-77;-77;-77;-77;-66;-77;2;-77;-77;-77;-77;-66;-77;-77;-77;-66;-77;-77;-66;-77;-77;-77;-66;-66;1;1;1;1;1;1;1;1;1;1;1;1;1;1;1;3;3;3;3;4;3;3;3;3;2;2;4;3;3;3;3;3;3;3;3;3;5;0;0;0;0;Have to change/update features implemented in running iteration;-66;-66;-66;-66;0;-77;-77;-77;-77;-99;"Mozilla/5.0 (X11; Ubuntu; Linux x86_64; rv:16.0) Gecko/20100101 Firefox/16.0";-99;0;-99;381045,381055,381096,381268,381738,381737,381736,381613,382180,382176,381638,379916;1;0;0;-77;-77;e9008bffccd24993bbf0c2270c76bb3c;1;0;1353237280;18.11.12 11:14;18.11.12 11:29;0000-00-00 00:00:00;12;178;495;565;0;798;862;0;572;849
35;0;0;32;379916;-77;-1;3;0;0;0;0;1;0;1;Funktechnologien;1;Germany;4;-99;1;-99;3;0;1;0;0;-99;5;5;5;4;3;5;4;0;0;3;5;1;4;4;3;5;5;5;5;5;5;5;5;4;5;5;5;5;3;4;3;3;5;5;5;5;5;3;5;3;1;0;0;0;0;1;not yet - system requirements are the copies of stakeholder requirements - with all flaws;0;0;0;1;1;0;1;nobody applies those internal standards;0;0;0;1;we do have a complete process description system;0;4;4;4;4;0;0;1;0;0;1;1;0;0;1;1;as customer requests it;0;0;0;0;0;-99;1;1;1;1;0;1;management decision to improve RE in all projects;1;0;1;my role as requirements manager for all new projects;0;2;we have a very good internal business process description system. in RE it is based on CMMI and the best practices from my (RE Manager) previous projects;1;1;1;regular reporting to superior management;our RE metrics reveal the progress in different project quality gates;1;1;1;5;1;3;2;4;1;1;1;4;4;4;4;5;5;5;5;5;5;5;5;5;4;5;5;5;5;5;5;5;5;5;5;5;2;1;9;5;20;the communication to customer is done not be technicans but by lawyers;no time, much traveling of System engineers;requirements werde copied from stakeholder requirements;no requirements analysis is done;most requirements are not measurable, they are law-texts;1;1;1;1;1;no- the usual experiences and on and on again;"Mozilla/5.0 (Macintosh; Intel Mac OS X 10_7_5) AppleWebKit/536.26.14 (KHTML, like Gecko) Version/6.0.1 Safari/536.26.14";-99;0;-99;381045,381055,381096,381268,381738,381735,381737,381736,381276,381613,382180,382176,381638,379916;0;1;0;-77;-77;f1784ad526b0dcf8a5acf5ec3053a5c5;1;0;1353259212;18.11.12 17:20;18.11.12 20:08;0000-00-00 00:00:00;501;1340;1520;8998;9598;9823;10068;9161;9168;10031
36;0;0;31;379916;-77;2600;7;0;0;0;0;0;0;1;Utilities (Energy / Water / Gas / Phone / Public Transport / ...);2;Germany;7;-99;5;-99;3;0;0;0;1;Inhouse Contractor;5;3;4;4;4;5;3;2;2;3;4;2;5;4;3;5;5;4;5;3;4;3;4;4;3;5;3;1;3;3;1;3;1;5;5;2;4;1;5;2;3;1;0;1;1;0;-99;0;0;0;0;1;0;0;-99;1;0;0;0;-99;3;2;4;1;4;0;1;0;0;0;0;1;0;0;1;0;-99;0;0;1;0;0;-99;0;1;1;0;0;0;-99;0;0;1;An internal task force;0;1;-99;1;0;0;-99;-99;2;1;1;4;3;4;4;3;4;3;2;1;3;5;3;4;4;2;3;5;1;2;4;4;2;4;3;1;1;1;5;3;3;4;4;4;5;16;21;11;8;feedback while testing;request for changes;Number of changes posted in the time until the software ist realized;Number of changes posted in the time until the software ist realized;recognizing in the end of an project, that other solutions would better satisfy the goals;1;1;0;0;0;-99;"Mozilla/5.0 (X11; Ubuntu; Linux x86_64; rv:16.0) Gecko/20100101 Firefox/16.0";-99;0;-99;381045,381055,381096,381268,381738,381735,381737,381736,381276,381613,382180,382176,381638,379916;1;0;0;-77;-77;b6a95f25d8db61f08331f645f9b1e6cd;1;0;1353266792;18.11.12 19:26;18.11.12 20:09;0000-00-00 00:00:00;23;364;1003;1210;1823;2235;2600;1484;1491;2576
37;0;0;31;379916;-77;916;5;0;0;1;0;0;0;0;-99;1;Switzerland;4;-99;1;-99;3;1;0;1;0;-99;5;4;4;4;3;4;4;3;3;2;5;1;4;4;3;4;5;1;3;3;4;4;5;3;2;4;2;3;3;3;4;4;4;5;3;2;3;3;3;3;4;1;1;1;0;0;-99;0;1;0;0;0;0;0;-99;0;1;0;0;-99;5;4;3;2;3;1;0;1;0;0;1;0;0;0;1;0;-99;0;0;1;0;0;-99;0;1;0;1;0;0;-99;1;0;0;-99;0;1;-99;0;1;0;-99;-99;1;1;1;1;1;1;2;2;1;1;1;1;1;1;1;1;1;3;3;2;4;3;2;1;3;2;1;2;2;2;1;1;3;2;2;1;0;0;0;0;0;-66;-66;-66;-66;-66;-77;-77;-77;-77;-77;-99;"Mozilla/4.0 (compatible; MSIE 8.0; Windows NT 6.1; WOW64; Trident/4.0; GTB7.4; SLCC2; .NET CLR 2.0.50727; .NET CLR 3.5.30729; .NET CLR 3.0.30729; Media Center PC 6.0; .NET4.0C; .NET4.0E)";-99;0;-99;381045,381055,381096,381268,381738,381735,381737,381736,381276,381613,382180,381638,379916;1;0;0;-77;-77;92fb81334912159846122fd1f7fd4a17;1;0;1353307924;19.11.12 06:52;19.11.12 07:07;0000-00-00 00:00:00;4;74;426;510;756;914;916;620;644;0
38;0;0;32;379916;-77;-1;7;0;0;0;0;0;0;1;Car products supplier;1;Germany;8;-99;1;-99;3;1;1;1;0;-99;4;5;4;4;3;5;4;3;2;3;5;4;4;4;5;5;4;3;4;4;4;5;4;4;4;4;5;4;4;3;4;4;5;4;5;3;2;4;3;3;3;1;1;0;0;0;-99;1;1;0;0;0;0;0;-99;1;1;0;0;-99;4;3;4;3;4;0;1;0;0;0;0;1;0;1;0;0;-99;0;0;1;0;0;-99;0;1;1;1;0;0;-99;1;0;0;-99;0;2;-99;1;0;0;-99;-99;2;3;3;3;4;3;2;4;2;3;2;2;2;2;2;3;4;4;4;3;3;3;4;3;2;3;2;3;4;3;0;3;3;4;3;3;11;16;0;0;0;as system changes rapidly, long term targets are hard to fix;Development cycles stay the same but the amount of requirements is increasing permanently ;-66;-66;-66;1;1;-77;-77;-77;-99;"Mozilla/5.0 (compatible; MSIE 9.0; Windows NT 6.1; WOW64; Trident/5.0)";-99;0;-99;381045,381055,381096,381268,381738,381735,381737,381736,381276,381613,382180,382176,381638,379916;1;1;0;-77;-77;bb3365587a6dcf40d1df076faac27ecb;1;0;1353309278;19.11.12 07:14;20.11.12 05:47;0000-00-00 00:00:00;48;194;580;663;3796;81063;81191;3670;3675;81172
39;0;0;31;379916;-77;856;2;0;0;0;1;0;0;0;-99;1;Germany;8;Medical devices;0;-99;3;0;1;0;0;-99;5;5;0;0;5;1;3;4;4;1;5;1;5;5;4;5;3;4;5;4;3;3;3;4;3;3;3;0;4;4;4;4;4;4;5;3;3;3;1;2;4;1;0;0;0;0;-99;0;0;1;1;1;0;0;-99;1;0;1;0;-99;5;5;0;5;5;0;0;1;0;1;0;0;1;0;1;0;-99;0;0;0;1;0;-99;0;1;1;0;0;0;-99;1;0;0;-99;0;2;Simplicity and pragmatism;1;0;0;-99;-99;3;3;3;1;1;1;1;1;1;1;1;1;1;1;1;3;3;5;5;5;3;3;5;3;3;3;3;3;1;2;1;2;1;2;2;3;19;3;4;2;1;Agreed design solutions fail in validation;Overlenghty project meetings;agreed upon deliverables not produced;repeated meetings on the same subject;repeated work to complete a deliverable;1;1;0;0;0;-99;Mozilla/5.0 (Windows NT 6.1) AppleWebKit/537.11 (KHTML, like Gecko) Chrome/23.0.1271.64 Safari/537.11;-99;0;-99;381045,381055,381096,381268,381738,381735,381737,381736,381276,381613,382180,382176,381638,379916;1;0;0;-77;-77;590ac3d2ac02f0e05879f709e246d515;1;0;1353310663;19.11.12 07:37;19.11.12 07:51;0000-00-00 00:00:00;4;63;257;309;503;722;856;427;434;845
40;0;0;31;379916;-77;985;7;0;0;0;0;0;0;1;Aerospace;1;Germany;5;-99;4;-99;3;0;0;0;1;Consultant;3;3;5;4;4;3;3;4;4;3;4;1;5;3;4;5;3;4;4;3;4;3;2;2;3;4;4;2;2;4;3;4;3;4;5;2;2;2;5;4;3;0;0;1;1;0;-99;0;0;0;0;0;0;1;ECSS;1;0;0;0;-99;3;4;4;3;3;0;0;1;0;0;1;1;0;0;0;0;-99;1;0;0;0;0;-99;0;2;-77;-77;-77;-77;-66;-77;-77;-77;-66;-77;-77;-66;-77;-77;-77;-66;-66;3;1;1;3;3;4;3;3;4;3;0;0;0;0;0;4;5;4;3;2;1;2;4;4;3;2;2;3;2;2;4;3;2;2;3;3;2;1;0;0;0;-99;-99;-66;-66;-66;1;0;-77;-77;-77;-99;"Mozilla/5.0 (compatible; MSIE 9.0; Windows NT 6.1; WOW64; Trident/5.0)";-99;0;-99;381045,381055,381096,381268,381738,381735,381737,381736,381613,382180,382176,381638,379916;0;1;0;-77;-77;092f049af9b782fda9b0c6653dfa9cee;1;0;1353312454;19.11.12 08:07;19.11.12 08:23;0000-00-00 00:00:00;25;128;438;538;0;933;985;664;671;971
41;0;0;20;0;-77;0;-77;-77;-77;-77;-77;-77;-77;-77;-66;-77;-66;-77;-66;-77;-66;-77;-77;-77;-77;-77;-66;-77;-77;-77;-77;-77;-77;-77;-77;-77;-77;-77;-77;-77;-77;-77;-77;-77;-77;-77;-77;-77;-77;-77;-77;-77;-77;-77;-77;-77;-77;-77;-77;-77;-77;-77;-77;-77;-77;-77;-77;-77;-77;-77;-77;-77;-77;-66;-77;-77;-77;-77;-77;-77;-77;-66;-77;-77;-77;-77;-66;-77;-77;-77;-77;-77;-77;-77;-77;-77;-77;-77;-77;-77;-77;-77;-77;-66;-77;-77;-77;-77;-77;-66;-77;-77;-77;-77;-77;-77;-66;-77;-77;-77;-66;-77;-77;-66;-77;-77;-77;-66;-66;-77;-77;-77;-77;-77;-77;-77;-77;-77;-77;-77;-77;-77;-77;-77;-77;-77;-77;-77;-77;-77;-77;-77;-77;-77;-77;-77;-77;-77;-77;-77;-77;-77;-77;-77;-77;-77;-77;-77;-77;-77;-66;-66;-66;-66;-66;-77;-77;-77;-77;-77;-66;"Mozilla/4.0 (compatible; MSIE 8.0; Windows NT 6.1; WOW64; Trident/4.0; SLCC2; .NET CLR 2.0.50727; .NET CLR 3.5.30729; .NET CLR 3.0.30729; .NET4.0C; .NET4.0E; InfoPath.2; MS-RTC LM 8)";-99;0;-99;0;1;1;0;-77;-77;77602901db427015748ca45d2cfea161;1;0;1353312990;19.11.12 08:16;19.11.12 08:16;0000-00-00 00:00:00;0;0;0;0;0;0;0;0;0;0
42;0;0;22;381055;-77;0;-77;-77;-77;-77;-77;-77;-77;-77;-66;-77;-66;-77;-66;-77;-66;-77;-77;-77;-77;-77;-66;-77;-77;-77;-77;-77;-77;-77;-77;-77;-77;-77;-77;-77;-77;-77;-77;-77;-77;-77;-77;-77;-77;-77;-77;-77;-77;-77;-77;-77;-77;-77;-77;-77;-77;-77;-77;-77;-77;-77;-77;-77;-77;-77;-77;-77;-77;-66;-77;-77;-77;-77;-77;-77;-77;-66;-77;-77;-77;-77;-66;-77;-77;-77;-77;-77;-77;-77;-77;-77;-77;-77;-77;-77;-77;-77;-77;-66;-77;-77;-77;-77;-77;-66;-77;-77;-77;-77;-77;-77;-66;-77;-77;-77;-66;-77;-77;-66;-77;-77;-77;-66;-66;-77;-77;-77;-77;-77;-77;-77;-77;-77;-77;-77;-77;-77;-77;-77;-77;-77;-77;-77;-77;-77;-77;-77;-77;-77;-77;-77;-77;-77;-77;-77;-77;-77;-77;-77;-77;-77;-77;-77;-77;-77;-66;-66;-66;-66;-66;-77;-77;-77;-77;-77;-66;"Mozilla/5.0 (Macintosh; Intel Mac OS X 10_8_2) AppleWebKit/537.11 (KHTML, like Gecko) Chrome/23.0.1271.64 Safari/537.11";-99;0;-99;381045,3811;1;0;0;-77;-77;6bd43aa157561f8a97a1f4517a913ae8;1;0;1353320925;19.11.12 10:28;19.11.12 10:28;0000-00-00 00:00:00;5;0;0;0;0;0;0;0;0;0
43;0;0;32;379916;-77;-1;2;0;1;0;0;0;0;0;-99;2;Germany;8;Web / SaaS / Print-Production;4;-99;3;0;1;0;0;-99;3;4;4;4;5;3;4;3;3;5;3;2;4;4;2;3;3;4;4;2;3;3;5;5;3;4;2;3;2;4;4;4;4;4;4;3;3;2;4;4;3;1;0;0;1;0;-99;0;0;0;1;0;0;0;-99;1;0;0;0;-99;2;4;2;2;3;1;0;0;0;1;0;0;1;0;0;0;-99;0;0;0;1;0;-99;0;1;1;0;0;0;-99;1;0;0;-99;0;2;-99;1;0;0;-99;-99;2;2;1;2;1;1;1;2;3;2;1;2;3;5;4;2;2;2;1;4;3;3;3;4;2;3;3;4;4;4;4;3;3;3;2;2;5;9;16;18;0;-99;-99;-99;-99;-66;1;1;0;0;-77;-99;"Mozilla/5.0 (Windows NT 6.1; WOW64) AppleWebKit/537.11 (KHTML, like Gecko) Chrome/23.0.1271.64 Safari/537.11";-99;0;-99;381045,381055,381055,381055,381096,381268,381738,381735,381737,381736,381276,381613,382180,382176,381638,379916;0;0;0;-77;-77;8d15216b8cf910c417c20279b8adbeea;1;0;1353345098;19.11.12 17:11;26.11.12 08:35;0000-00-00 00:00:00;22;572782;573122;573235;573469;573800;573852;573396;573402;573832
44;0;0;31;379916;-77;675;7;1;1;1;1;1;0;0;-99;1;Germany;7;-99;4;-99;2;0;1;0;0;-99;4;2;4;5;1;5;2;4;4;5;2;3;2;3;4;2;2;4;4;5;0;3;4;5;4;3;4;1;0;0;4;1;4;4;3;3;2;2;5;3;3;0;0;0;0;0;-99;0;0;1;0;0;0;0;-99;0;0;0;0;-99;1;1;1;1;1;0;1;0;0;0;0;1;0;0;1;1;The customer defines and tailors the process in many projects.;0;0;0;0;0;-99;1;2;-77;-77;-77;-77;-66;-77;-77;-77;-66;-77;-77;-66;-77;-77;-77;-66;-66;0;0;0;0;0;0;0;0;0;0;0;0;0;0;0;1;4;5;1;5;1;2;3;4;1;1;1;3;1;4;1;1;2;4;2;1;2;5;9;18;0;Sending documents via mail instead of talking .... as a result, misunderstandings increase;wrong implementations;wrong implementations, expensive change processes;wasted money and time;-66;1;0;0;1;-77;-99;"Mozilla/5.0 (X11; Linux i686) AppleWebKit/535.19 (KHTML, like Gecko) Chrome/18.0.1025.162 Safari/535.19";-99;0;-99;381045,381055,381096,381268,381738,381735,381737,381736,381613,382180,382176,381638,379916;1;1;0;-77;-77;442a8ea8a2dce594e3b5477f33e6af7e;1;0;1353359324;19.11.12 21:08;19.11.12 21:20;0000-00-00 00:00:00;37;105;275;337;0;596;676;439;445;664
45;0;0;20;0;-77;0;-77;-77;-77;-77;-77;-77;-77;-77;-66;-77;-66;-77;-66;-77;-66;-77;-77;-77;-77;-77;-66;-77;-77;-77;-77;-77;-77;-77;-77;-77;-77;-77;-77;-77;-77;-77;-77;-77;-77;-77;-77;-77;-77;-77;-77;-77;-77;-77;-77;-77;-77;-77;-77;-77;-77;-77;-77;-77;-77;-77;-77;-77;-77;-77;-77;-77;-77;-66;-77;-77;-77;-77;-77;-77;-77;-66;-77;-77;-77;-77;-66;-77;-77;-77;-77;-77;-77;-77;-77;-77;-77;-77;-77;-77;-77;-77;-77;-66;-77;-77;-77;-77;-77;-66;-77;-77;-77;-77;-77;-77;-66;-77;-77;-77;-66;-77;-77;-66;-77;-77;-77;-66;-66;-77;-77;-77;-77;-77;-77;-77;-77;-77;-77;-77;-77;-77;-77;-77;-77;-77;-77;-77;-77;-77;-77;-77;-77;-77;-77;-77;-77;-77;-77;-77;-77;-77;-77;-77;-77;-77;-77;-77;-77;-77;-66;-66;-66;-66;-66;-77;-77;-77;-77;-77;-66;"Mozilla/4.0 (compatible; MSIE 8.0; Windows NT 5.1; Trident/4.0; DPAG; InfoPath.1; .NET CLR 2.0.50727; .NET CLR 3.0.4506.2152; .NET CLR 3.5.30729; .NET4.0C; .NET4.0E; DPAG)";-99;0;-99;0;0;1;0;-77;-77;fab90cbd0f3abd5d309bd04649931b5d;1;0;1353407502;20.11.12 10:31;20.11.12 10:31;0000-00-00 00:00:00;0;0;0;0;0;0;0;0;0;0
46;0;0;31;379916;-77;2297;1;1;0;0;1;0;0;0;-99;2;Germany;4;-99;2;-99;2;0;0;1;0;-99;4;3;5;4;5;3;2;3;1;4;5;1;4;4;5;5;5;5;3;3;3;4;2;3;4;5;4;3;2;5;5;3;4;3;2;2;1;1;4;4;3;1;0;0;1;0;-99;1;0;0;0;0;0;0;-99;1;0;0;0;-99;1;4;2;5;4;0;1;0;0;1;0;0;0;0;1;0;-99;0;1;0;0;0;-99;0;1;1;0;0;0;-99;0;0;0;-99;1;1;-99;1;0;0;-99;-99;1;1;1;1;1;1;2;1;2;2;2;1;2;3;1;2;4;3;2;3;2;1;3;4;1;5;3;1;1;1;5;3;2;4;4;2;11;16;19;20;9;leads to changes during development phase, by the customer;the timepoint of the release is the most important;leads to changes during development phase, by the developers or testers;customers often realize those req. too late, e.g. at delivery;often detected by the test developers;1;0;0;0;0;-99;"Mozilla/4.0 (compatible; MSIE 7.0; Windows NT 5.1; .NET CLR 1.1.4322; .NET CLR 2.0.50727; .NET CLR 3.0.4506.2152; .NET CLR 3.5.30729; .NET4.0C; .NET4.0E)";-99;0;-99;381045,381055,381096,381268,381738,381735,381737,381736,381276,381613,382180,382176,381638,379916;1;0;0;-77;-77;abcdc4b1c20432c480e803eaf709e62e;1;0;1353407589;20.11.12 10:33;20.11.12 11:11;0000-00-00 00:00:00;20;140;685;863;1259;1710;2297;1198;1201;2277
47;0;0;31;379916;-77;2011;7;0;0;0;0;0;0;1;Patents;2;Germany;7;-99;2;-99;2;1;0;0;0;-99;5;4;4;3;4;5;4;4;3;5;4;3;3;4;3;4;4;4;4;5;4;5;5;3;5;4;4;3;3;4;5;5;4;4;5;4;4;1;2;1;4;1;0;0;1;0;-99;0;0;1;1;0;0;0;-99;1;0;0;0;-99;4;1;1;4;5;1;0;0;0;1;0;0;0;1;0;0;-99;0;0;0;0;0;-99;1;2;-77;-77;-77;-77;-66;-77;-77;-77;-66;-77;-77;-66;-77;-77;-77;-66;-66;5;3;4;4;2;1;3;3;4;4;1;2;1;5;5;1;2;2;2;4;1;1;2;4;5;4;5;1;1;1;2;2;1;1;1;1;5;10;11;12;9;"Discussion in Change requests; increasing tests";Increasing Systemtests ;"Discussion; Circumvention of change requests";unfair treatment of different groups of users;Discussion,;1;0;0;0;1;-99;"Mozilla/4.0 (compatible; MSIE 8.0; Windows NT 5.1; Trident/4.0; .NET CLR 2.0.50727; InfoPath.1)";-99;0;-99;381045,381055,381096,381268,381738,381735,381737,381736,381613,382180,382176,381638,379916;0;0;0;-77;-77;a1954689d401f4e1ccb361ea846c8c34;1;0;1353408074;20.11.12 10:41;20.11.12 11:14;0000-00-00 00:00:00;11;130;766;904;0;1659;2011;1159;1169;1980
48;0;0;20;0;-77;0;-77;-77;-77;-77;-77;-77;-77;-77;-66;-77;-66;-77;-66;-77;-66;-77;-77;-77;-77;-77;-66;-77;-77;-77;-77;-77;-77;-77;-77;-77;-77;-77;-77;-77;-77;-77;-77;-77;-77;-77;-77;-77;-77;-77;-77;-77;-77;-77;-77;-77;-77;-77;-77;-77;-77;-77;-77;-77;-77;-77;-77;-77;-77;-77;-77;-77;-77;-66;-77;-77;-77;-77;-77;-77;-77;-66;-77;-77;-77;-77;-66;-77;-77;-77;-77;-77;-77;-77;-77;-77;-77;-77;-77;-77;-77;-77;-77;-66;-77;-77;-77;-77;-77;-66;-77;-77;-77;-77;-77;-77;-66;-77;-77;-77;-66;-77;-77;-66;-77;-77;-77;-66;-66;-77;-77;-77;-77;-77;-77;-77;-77;-77;-77;-77;-77;-77;-77;-77;-77;-77;-77;-77;-77;-77;-77;-77;-77;-77;-77;-77;-77;-77;-77;-77;-77;-77;-77;-77;-77;-77;-77;-77;-77;-77;-66;-66;-66;-66;-66;-77;-77;-77;-77;-77;-66;"Mozilla/5.0 (Windows NT 5.1; rv:10.0.7) Gecko/20100101 Firefox/10.0.7";-99;0;-99;0;0;0;0;-77;-77;5a7ae8f2c70dad1955d6a8ac1800ad0e;1;0;1353423105;20.11.12 14:51;20.11.12 14:51;0000-00-00 00:00:00;0;0;0;0;0;0;0;0;0;0
49;0;0;31;379916;-77;2524;3;0;1;0;0;0;0;0;-99;2;Germany;8;Online Marketing;4;-99;2;0;0;1;0;-99;2;2;5;5;4;5;3;4;4;5;2;4;3;3;2;4;4;1;4;5;3;5;5;5;1;4;5;1;4;4;2;1;3;3;3;5;1;4;4;2;4;0;1;1;0;0;-99;0;0;0;1;0;0;0;-99;0;0;0;0;-99;2;2;2;2;2;1;0;0;0;0;0;1;1;0;0;0;-99;0;0;0;0;0;-99;1;1;1;0;0;0;-99;0;0;0;-99;1;2;Potential overhead, little use;1;1;0;-99;Weekly team reviews;1;1;1;1;1;1;2;5;3;1;1;4;3;4;1;2;3;4;3;4;2;3;5;4;2;5;2;2;2;1;5;5;2;2;4;2;11;8;17;16;9;features that did not get finished because other features became more important;sticking to what's there although it's more complicated and less effective than innovative changes;prototypes for new features don't get incorporated;no time for customer-driven improvements after feature rollout;don't have a good example right now;1;0;0;1;0;If automated acceptance tests (http://cukes.info/ in our case) don't count as formal requirements then my answers are probably misleading...;"Mozilla/5.0 (X11; Linux x86_64) AppleWebKit/537.4 (KHTML, like Gecko) Ubuntu/12.10 Chromium/22.0.1229.94 Chrome/22.0.1229.94 Safari/537.4";-99;0;-99;381045,381055,381096,381268,381738,381735,381737,381736,381276,381613,382180,382176,381638,379916;1;0;0;-77;-77;b32b53703890138f9e20b4b95e00f1cd;1;0;1353438857;20.11.12 19:14;20.11.12 19:56;0000-00-00 00:00:00;6;86;401;1560;1863;2183;2524;1702;1707;2432
50;0;0;31;379916;-77;698;3;1;0;1;0;0;0;0;-99;2;germany;4;-99;1;-99;3;0;1;1;0;-99;4;4;4;3;3;3;4;4;2;3;3;2;2;2;3;3;5;4;4;3;3;2;3;4;2;3;2;1;1;1;1;1;4;4;4;3;3;3;5;5;3;1;1;1;1;0;-99;0;0;0;0;0;1;0;-99;-77;-77;-77;-77;-66;-77;-77;-77;-77;-77;-77;-77;-77;-77;-77;-77;-77;-77;-77;-77;-77;-66;-77;-77;-77;-77;-77;-66;-77;1;1;0;0;0;-99;0;0;0;-99;1;2;-99;1;0;0;-99;-99;3;3;3;3;3;3;3;3;3;3;3;3;3;3;3;4;4;4;4;4;2;2;2;4;3;3;2;2;3;2;2;3;2;4;3;2;5;4;17;0;0;surprise of business in prototyping/testing phase;"nothing is done; e.g. infrastructure not ready for testing";-99;-66;-66;1;0;0;-77;-77;-99;"Mozilla/5.0 (compatible; MSIE 9.0; Windows NT 6.1; Trident/5.0; BOIE9;ENUS)";-99;0;-99;381045,381055,381096,381268,381738,381737,381736,381276,381613,382180,382176,381638,379916;1;0;0;-77;-77;d3be7b34c7d9044d2ec91ae757da47a2;1;0;1353482917;21.11.12 07:28;21.11.12 07:40;0000-00-00 00:00:00;14;73;298;364;425;608;698;0;369;680
51;0;0;31;379916;-77;2290;3;0;0;0;0;1;0;1;Software testing;1;Austria;7;-99;3;-99;3;0;1;0;0;-99;5;4;3;4;4;5;3;3;4;5;5;2;5;5;4;5;4;4;4;5;5;5;3;3;5;5;5;5;3;3;5;4;4;4;4;1;2;2;5;4;2;0;0;0;0;0;-99;0;1;0;0;1;0;0;-99;0;0;0;1;to make requirements uniform;4;4;3;5;4;1;0;0;0;0;0;1;0;1;0;0;-99;0;0;1;0;1;by text parsing tool;0;1;0;1;0;0;-99;1;0;0;-99;0;2;We use a standard based on the current literature in requirements engineering;0;1;0;-99;We have our own requirement metrics, but we also use the metrics of Chris Rupp, publised in Object Spectrum;2;2;1;1;2;3;2;1;1;3;4;2;2;4;1;4;4;3;3;4;3;4;4;4;3;4;2;0;4;3;4;2;2;3;2;4;19;5;16;7;15;leads to many change requests;gaps come up in the implementation;requirements are never really completed;customers are not able to think in formal terms  ;customer domain experts are not always available;0;1;0;1;0;the main problem is the inability of the customers to explain what they want at the detailed level required to specify it exactly. ;"Mozilla/4.0 (compatible; MSIE 8.0; Windows NT 5.1; Trident/4.0; .NET CLR 1.1.4322; InfoPath.2; .NET CLR 3.0.4506.2152; .NET CLR 3.5.30729; .NET CLR 2.0.50727)";-99;0;-99;381045,381055,381096,381268,381738,381735,381737,381736,381276,381613,382180,382176,381638,379916;0;1;0;-77;-77;cafb58887074d07499310f26d89bdff9;1;0;1353513507;21.11.12 15:58;21.11.12 16:36;0000-00-00 00:00:00;19;155;470;542;1601;1944;2290;711;724;2152
52;0;0;31;379916;-77;1488;2;0;1;1;0;0;0;0;-99;1;Germany;4;-99;2;-99;2;0;1;0;0;-99;4;3;4;3;4;5;2;4;4;4;3;4;3;3;3;3;4;5;2;1;2;3;5;5;1;4;3;3;3;4;5;4;4;4;4;3;3;4;4;2;3;1;1;0;0;0;-99;0;0;1;1;0;0;0;-99;1;0;0;0;-99;2;3;1;1;4;0;0;0;1;0;0;1;0;0;1;0;-99;0;1;0;1;0;-99;0;2;-77;-77;-77;-77;-66;-77;-77;-77;-66;-77;-77;-66;-77;-77;-77;-66;-66;1;1;1;4;2;2;2;4;4;2;2;3;4;4;5;2;4;2;4;4;3;4;3;2;1;2;2;5;2;4;2;3;1;4;3;3;2;13;19;5;4;Clarification of previous unclear topics happens late in a project - this leads to last minute activity and possibly project delivery delay.;If no direct contact to a customer is given (e.g.if communication is passed through a 3rd party) it gets more difficult to have a grip on the customer and their true needs.;A common situation is to take part in a tender process - where requirements are specified very abstract - most of these tender processes do not include a refinement stage, as a supplier we are bound to fulfill vague requests from the initial documents;This is quite normal - if access to the customer is given, this can be solved in the course of the project.;-99;0;1;1;0;0;-99;"Mozilla/5.0 (Macintosh; Intel Mac OS X 10.7; rv:17.0) Gecko/17.0 Firefox/17.0";-99;0;-99;381045,381055,381096,381268,381738,381735,381737,381736,381613,382180,382176,381638,379916;0;1;0;-77;-77;c9f9108cd38074aa8098a64d59c2addf;1;0;1353573996;22.11.12 08:46;22.11.12 09:11;0000-00-00 00:00:00;18;76;449;517;0;946;1488;682;690;1474
53;0;0;20;0;-77;0;-77;-77;-77;-77;-77;-77;-77;-77;-66;-77;-66;-77;-66;-77;-66;-77;-77;-77;-77;-77;-66;-77;-77;-77;-77;-77;-77;-77;-77;-77;-77;-77;-77;-77;-77;-77;-77;-77;-77;-77;-77;-77;-77;-77;-77;-77;-77;-77;-77;-77;-77;-77;-77;-77;-77;-77;-77;-77;-77;-77;-77;-77;-77;-77;-77;-77;-77;-66;-77;-77;-77;-77;-77;-77;-77;-66;-77;-77;-77;-77;-66;-77;-77;-77;-77;-77;-77;-77;-77;-77;-77;-77;-77;-77;-77;-77;-77;-66;-77;-77;-77;-77;-77;-66;-77;-77;-77;-77;-77;-77;-66;-77;-77;-77;-66;-77;-77;-66;-77;-77;-77;-66;-66;-77;-77;-77;-77;-77;-77;-77;-77;-77;-77;-77;-77;-77;-77;-77;-77;-77;-77;-77;-77;-77;-77;-77;-77;-77;-77;-77;-77;-77;-77;-77;-77;-77;-77;-77;-77;-77;-77;-77;-77;-77;-66;-66;-66;-66;-66;-77;-77;-77;-77;-77;-66;"Mozilla/4.0 (compatible; MSIE 8.0; Windows NT 5.1; Trident/4.0; dcdev001; .NET CLR 1.1.4322; .NET CLR 2.0.50727; InfoPath.1; .NET CLR 3.0.4506.2152; .NET CLR 3.5.30729; .NET4.0C; .NET4.0E)";-99;0;-99;0;1;0;0;-77;-77;db5a3393cb53a760aca5396a8d32be64;1;0;1353585096;22.11.12 11:51;22.11.12 11:51;0000-00-00 00:00:00;0;0;0;0;0;0;0;0;0;0
54;0;0;31;379916;-77;618;2;0;1;0;0;0;0;0;-99;1;Germany;4;-99;2;-99;3;0;0;1;0;-99;5;4;3;2;3;5;5;4;4;4;5;1;5;5;5;5;4;4;4;5;4;3;3;3;2;4;5;2;5;5;5;5;4;5;3;2;1;1;5;3;4;1;0;1;0;0;-99;0;0;1;1;1;0;0;-99;1;0;0;0;-99;3;5;3;3;3;1;0;0;0;1;0;0;1;1;0;0;-99;0;0;1;0;0;-99;0;1;1;0;0;0;-99;1;0;0;-99;0;2;-99;1;0;0;-99;-99;1;1;1;1;1;1;1;1;2;1;2;1;1;1;2;4;4;1;2;2;1;1;2;2;3;2;4;5;1;4;5;5;4;4;4;3;12;0;0;0;0;overstretching of budget and time, longer development cycles;-66;-66;-66;-66;0;-77;-77;-77;-77;-99;"Mozilla/5.0 (compatible; MSIE 9.0; Windows NT 6.1; WOW64; Trident/5.0)";-99;0;-99;381045,381055,381096,381268,381738,381735,381737,381736,381276,381613,382180,382176,381638,379916;0;1;0;-77;-77;dab450c9c74227d8307e309fe546dce1;1;0;1353596089;22.11.12 14:54;22.11.12 15:05;0000-00-00 00:00:00;9;67;251;298;422;569;617;379;384;614
55;0;0;31;379916;-77;832;3;1;0;0;0;1;0;0;-99;2;Germany;4;-99;5;-99;2;0;1;0;0;-99;5;4;3;3;5;5;4;1;1;4;1;5;1;1;1;3;3;3;5;5;5;1;5;5;1;1;1;1;1;1;1;1;1;1;1;3;3;5;5;3;1;1;0;0;0;0;-99;0;0;0;0;0;1;0;-99;-77;-77;-77;-77;-66;-77;-77;-77;-77;-77;-77;-77;-77;-77;-77;-77;-77;-77;-77;-77;-77;-66;-77;-77;-77;-77;-77;-66;-77;2;-77;-77;-77;-77;-66;-77;-77;-77;-66;-77;-77;-66;-77;-77;-77;-66;-66;1;1;1;5;1;3;5;5;1;5;3;1;1;1;1;5;5;5;5;5;3;3;3;1;1;3;1;5;1;1;3;3;3;1;3;3;19;8;1;2;5;-99;-99;-99;-99;-99;1;0;1;1;0;-99;"Mozilla/5.0 (X11; Linux x86_64; rv:14.0) Gecko/20100101 Firefox/14.0.1";-99;0;-99;381045,381055,381096,381268,381738,381737,381736,381613,382180,382176,381638,379916;1;0;0;-77;-77;aabc179f0d657d841218bbe79562566e;1;0;1353658372;23.11.12 08:12;23.11.12 08:26;0000-00-00 00:00:00;113;175;495;531;0;753;832;0;536;806
56;0;0;22;381096;-77;108;2;0;1;1;0;0;0;0;-99;1;Germany;6;-99;2;-99;3;0;1;0;0;-99;-77;-77;-77;-77;-77;-77;-77;-77;-77;-77;-77;-77;-77;-77;-77;-77;-77;-77;-77;-77;-77;-77;-77;-77;-77;-77;-77;-77;-77;-77;-77;-77;-77;-77;-77;-77;-77;-77;-77;-77;-77;-77;-77;-77;-77;-77;-66;-77;-77;-77;-77;-77;-77;-77;-66;-77;-77;-77;-77;-66;-77;-77;-77;-77;-77;-77;-77;-77;-77;-77;-77;-77;-77;-77;-77;-77;-66;-77;-77;-77;-77;-77;-66;-77;-77;-77;-77;-77;-77;-66;-77;-77;-77;-66;-77;-77;-66;-77;-77;-77;-66;-66;-77;-77;-77;-77;-77;-77;-77;-77;-77;-77;-77;-77;-77;-77;-77;-77;-77;-77;-77;-77;-77;-77;-77;-77;-77;-77;-77;-77;-77;-77;-77;-77;-77;-77;-77;-77;-77;-77;-77;-77;-77;-66;-66;-66;-66;-66;-77;-77;-77;-77;-77;-66;"Mozilla/5.0 (Windows NT 6.1; WOW64) AppleWebKit/537.11 (KHTML, like Gecko) Chrome/23.0.1271.64 Safari/537.11";-99;0;-99;381045,381055,381096;1;1;0;-77;-77;5b0763b0084b9ee8a9237fc66fcb0a86;1;0;1353661073;23.11.12 08:57;23.11.12 09:01;0000-00-00 00:00:00;108;193;0;0;0;0;0;0;0;0
57;0;0;31;379916;-77;597;7;0;1;0;0;0;0;0;-99;1;Germany;1;-99;6;manager field engineers;3;0;0;1;0;-99;4;4;4;2;3;2;3;2;2;3;4;4;4;2;5;4;4;5;5;4;5;3;4;4;4;5;4;2;4;4;5;3;3;3;4;4;2;3;4;3;4;1;1;1;1;0;-99;0;0;0;0;0;0;0;-99;0;0;0;0;-99;0;0;0;0;0;0;1;0;0;1;0;0;0;1;0;0;-99;0;1;0;1;0;-99;0;1;1;1;0;0;-99;1;0;0;-99;0;2;-99;1;1;0;-99;-99;2;2;2;2;0;0;0;0;0;0;0;0;0;0;0;0;0;0;0;0;0;0;0;0;0;0;0;0;0;0;0;0;0;0;0;0;0;0;0;0;0;-66;-66;-66;-66;-66;-77;-77;-77;-77;-77;-99;"Mozilla/5.0 (Windows NT 6.1; WOW64) AppleWebKit/537.11 (KHTML, like Gecko) Chrome/23.0.1271.64 Safari/537.11";-99;0;-99;381045,381055,381096,381268,381738,381735,381737,381736,381276,381613,382180,381638,379916;0;1;0;-77;-77;744fca2c7572e472857f7366f0bee3d3;1;0;1353665899;23.11.12 10:18;23.11.12 10:28;0000-00-00 00:00:00;11;85;394;453;560;581;597;507;511;0
58;0;0;31;379916;-77;5965;2;0;0;0;0;1;0;0;-99;1;Germany;1;-99;1;-99;3;0;0;0;1;Support of Customer;5;4;3;3;5;4;3;2;1;5;4;1;2;3;5;2;5;5;4;3;5;5;4;3;4;5;2;3;3;4;5;2;4;4;4;1;1;1;5;1;4;0;0;0;0;1;Using different elicitation techniques;0;0;0;1;0;0;0;-99;1;0;0;0;-99;5;5;1;5;4;1;0;0;0;0;0;1;1;0;0;0;-99;0;0;1;0;0;-99;0;1;1;0;0;0;-99;0;0;0;-99;1;2;If project constraints do not prescribe a specific improvement standard, we use best practices out of the different standards and our experience.  ;1;0;0;-99;-99;1;1;2;1;1;1;1;1;2;1;1;3;3;3;3;1;5;4;5;3;4;3;4;3;4;4;2;4;2;2;5;5;1;2;1;3;16;4;11;2;3;unclear specification;delayed decisions;time delay after refocussing;higher effort for requirements elicitation and consolidation;unclear specification;1;0;0;0;0;-99;"Mozilla/5.0 (Windows NT 5.1; rv:16.0) Gecko/20100101 Firefox/16.0";-99;0;-99;381045,381055,381096,381268,381738,381735,381737,381736,381276,381613,382180,382176,381638,379916;0;1;0;-77;-77;95de17fb488d7d5a1f0cdec37047e6db;1;0;1353670035;23.11.12 11:27;23.11.12 13:06;0000-00-00 00:00:00;3758;4024;4546;4660;5274;5726;5965;4914;4922;5949
59;0;0;32;379916;-77;-1;7;1;1;1;1;1;0;0;-99;1;Germany;8;travel and transport;2;-99;3;0;1;0;0;-99;4;4;4;4;4;4;4;4;4;4;2;2;5;4;2;4;4;4;4;3;3;2;5;5;4;4;4;2;2;4;4;4;4;4;4;5;4;3;5;5;4;1;1;1;1;1;blue prints / best practices;0;0;0;0;0;1;0;-99;-77;-77;-77;-77;-66;-77;-77;-77;-77;-77;-77;-77;-77;-77;-77;-77;-77;-77;-77;-77;-77;-66;-77;-77;-77;-77;-77;-66;-77;1;1;1;0;1;ISO;0;0;0;-99;1;2;-99;1;0;0;-99;-99;2;2;2;1;1;2;1;1;2;1;1;1;2;2;2;2;2;2;3;3;1;4;1;4;1;2;4;2;2;2;2;4;3;4;0;3;12;9;0;0;0;loss of time and money;endless discussions;-66;-66;-66;0;0;-77;-77;-77;what about requirements that are not really needed by the customer but set as  requirements producing endless discussions or gold plated  solutions where not necessary?;"Mozilla/4.0 (compatible; MSIE 8.0; Windows NT 6.1; Trident/4.0; SLCC2; .NET CLR 2.0.50727; .NET CLR 3.5.30729; .NET CLR 3.0.30729; MS-RTC LM 8; Tablet PC 2.0)";-99;0;-99;381045,381055,381096,381268,381738,381268,381268,381738,381268,381268,381738,381737,381736,381276,381613,382180,382176,381638,379916;0;1;0;-77;-77;a01942064e41796c6b20b44c6367d2b4;1;0;1353670860;23.11.12 11:41;23.11.12 14:45;0000-00-00 00:00:00;89;159;414;10551;10621;10863;11065;0;10558;10956
60;0;0;32;379916;-77;-1;4;0;1;0;0;0;0;0;-99;1;Germany;6;-99;2;-99;3;0;0;1;0;-99;4;4;3;3;4;5;2;4;2;3;3;2;5;4;2;4;5;4;3;4;4;5;5;5;2;5;4;1;1;3;5;1;4;3;4;5;1;4;1;1;1;1;0;1;1;0;-99;0;0;0;1;0;0;0;-99;1;0;0;0;-99;1;1;1;1;2;1;0;0;0;0;0;1;0;0;1;0;-99;0;1;0;1;0;-99;0;2;-77;-77;-77;-77;-66;-77;-77;-77;-66;-77;-77;-66;-77;-77;-77;-66;-66;1;1;1;4;1;2;4;3;2;1;2;2;2;3;4;5;3;1;2;4;3;4;4;3;5;5;5;5;2;4;3;4;2;5;5;1;5;8;10;11;19;Need for iterations and reviews with stakeholders ;Stakeholders like to discuss on solution level, not on requirements level;concrete source code part was motivated by WHICH requirement (from whom, when, why, ...) - can i change it?;initial collections of requirements are not maintained and get  old  - no clear structure for  when came that CR up and what changes were made ;mostly a product developer does NOT know all the requirements of all possible customers in future...;0;0;0;0;0;Is there a NEED to have a formal RE process? Can't it be replaced by a more intensive contact zu customers (in a more agile way, i.e. early prototyping and intermediate Releases)?;"Mozilla/4.0 (compatible; MSIE 8.0; Windows NT 5.2; Trident/4.0; .NET CLR 1.1.4322; .NET CLR 2.0.50727; .NET CLR 3.0.4506.2152; .NET CLR 3.5.30729; InfoPath.2; MS-RTC LM 8; .NET4.0C; .NET4.0E)";-99;0;-99;381045,381055,381096,381268,381738,381735,381737,381736,381613,382180,382176,381638,379916;0;1;0;-77;-77;7f9fba753717150d8bced62c1fe0c83a;1;0;1353671154;23.11.12 11:45;23.11.12 13:15;0000-00-00 00:00:00;9;92;646;3431;0;4864;5404;4338;4345;5239
61;0;0;31;379916;-77;1036;7;0;0;0;0;0;0;1;Automobile;1;Germany;1;-99;6;Quality Management;3;1;0;0;0;-99;5;4;4;2;3;5;2;5;2;4;5;1;4;5;5;3;4;3;4;3;4;5;4;4;2;5;2;2;3;2;2;2;2;4;2;3;4;3;4;2;4;1;0;1;0;0;-99;0;0;0;1;1;0;0;-99;1;0;0;0;-99;4;4;1;4;4;0;1;1;0;0;1;1;0;0;1;0;-99;0;0;1;1;0;-99;0;1;1;0;0;0;-99;1;1;0;-99;0;1;-99;1;0;0;-99;-99;2;2;2;1;2;2;2;2;1;2;1;3;3;3;1;5;5;5;3;2;3;3;4;2;1;2;1;1;1;1;3;2;2;2;3;2;1;2;3;0;0;yes, crs;yes, crs;yes, crs;-66;-66;0;1;0;-77;-77;-99;"Mozilla/4.0 (compatible; MSIE 8.0; Windows NT 6.1; WOW64; Trident/4.0; SLCC2; .NET CLR 2.0.50727; .NET CLR 3.5.30729; .NET CLR 3.0.30729; Media Center PC 6.0; .NET4.0C; .NET4.0E; InfoPath.3)";-99;0;-99;381045,381055,381096,381268,381738,381735,381737,381736,381276,381613,382180,382176,381638,379916;0;1;0;-77;-77;3cb568bbc20e5ea78e30a09300aac8b3;1;0;1353684379;23.11.12 15:26;23.11.12 15:43;0000-00-00 00:00:00;10;110;464;549;747;962;1036;693;699;1015
62;0;0;20;0;-77;0;-77;-77;-77;-77;-77;-77;-77;-77;-66;-77;-66;-77;-66;-77;-66;-77;-77;-77;-77;-77;-66;-77;-77;-77;-77;-77;-77;-77;-77;-77;-77;-77;-77;-77;-77;-77;-77;-77;-77;-77;-77;-77;-77;-77;-77;-77;-77;-77;-77;-77;-77;-77;-77;-77;-77;-77;-77;-77;-77;-77;-77;-77;-77;-77;-77;-77;-77;-66;-77;-77;-77;-77;-77;-77;-77;-66;-77;-77;-77;-77;-66;-77;-77;-77;-77;-77;-77;-77;-77;-77;-77;-77;-77;-77;-77;-77;-77;-66;-77;-77;-77;-77;-77;-66;-77;-77;-77;-77;-77;-77;-66;-77;-77;-77;-66;-77;-77;-66;-77;-77;-77;-66;-66;-77;-77;-77;-77;-77;-77;-77;-77;-77;-77;-77;-77;-77;-77;-77;-77;-77;-77;-77;-77;-77;-77;-77;-77;-77;-77;-77;-77;-77;-77;-77;-77;-77;-77;-77;-77;-77;-77;-77;-77;-77;-66;-66;-66;-66;-66;-77;-77;-77;-77;-77;-66;"Mozilla/5.0 (Windows NT 6.1; rv:16.0) Gecko/20100101 Firefox/16.0";-99;0;-99;0;0;0;0;-77;-77;db51cb02c2b454f4bf16c49088d5d081;1;0;1353688467;23.11.12 16:34;23.11.12 16:34;0000-00-00 00:00:00;0;0;0;0;0;0;0;0;0;0
63;0;0;31;379916;-77;945;7;0;0;1;0;0;0;0;-99;1;Germany;8;-99;2;-99;3;0;0;0;1;-99;5;4;5;4;4;5;3;3;4;3;3;3;4;4;5;4;5;4;3;3;4;4;5;5;1;3;3;1;4;4;4;3;4;4;2;4;2;1;3;2;4;1;1;1;1;0;-99;1;1;1;0;0;0;0;-99;0;0;0;0;-99;4;4;3;2;2;0;1;0;0;0;0;1;0;0;1;0;-99;0;1;1;0;0;-99;0;2;-77;-77;-77;-77;-66;-77;-77;-77;-66;-77;-77;-66;-77;-77;-77;-66;-66;3;3;3;3;2;2;4;3;3;2;2;3;4;4;4;4;5;3;3;4;2;4;4;4;3;4;3;3;2;4;4;3;4;4;3;4;2;7;5;21;16;-99;-99;-99;-99;-99;1;0;1;0;0;-99;"Mozilla/5.0 (Windows NT 6.1; rv:17.0) Gecko/17.0 Firefox/17.0";-99;0;-99;381045,381055,381096,381268,381738,381735,381737,381736,381613,382180,382176,381638,379916;1;0;0;-77;-77;cc9891c21810762be0a639617f56370c;1;0;1353695724;23.11.12 18:35;23.11.12 18:51;0000-00-00 00:00:00;8;105;419;485;0;902;945;633;641;941
64;0;0;31;379916;-77;1357;7;0;0;0;0;0;0;1;car manufacturing;1;Germany;1;-99;1;-99;3;1;0;0;0;-99;5;5;5;5;5;4;2;4;2;3;2;2;5;5;5;4;5;2;2;4;2;3;1;1;2;2;4;1;1;1;5;1;5;5;2;3;2;1;4;4;2;1;0;0;0;0;-99;1;0;0;0;0;0;0;-99;1;0;0;1;Management Order;1;2;2;4;2;0;1;0;0;0;1;0;0;0;1;0;-99;0;1;0;0;0;-99;0;1;0;0;1;0;-99;1;0;0;-99;0;1;-99;1;0;0;-99;-99;3;2;2;1;1;1;1;4;4;5;2;5;5;5;2;2;5;1;4;5;3;5;5;5;4;4;2;3;1;3;4;3;3;2;5;3;5;11;8;16;2;missing functionality, missing acceptance of the application;re-work in RE needed, lots of change requests, timeline not met ;never ending discussions, missing acceptance;no time for finding all requirements, missing requirements, missing acceptance of the application;problems in acceptance of the application;0;1;0;1;0;-99;"Mozilla/5.0 (Windows NT 6.1; WOW64; rv:16.0) Gecko/20100101 Firefox/16.0";-99;0;-99;381045,381055,381096,381268,381738,381735,381737,381736,381276,381613,382180,382176,381638,379916;0;1;0;-77;-77;be0a6d6dc0020a68c3794a55662a05cd;1;0;1353702803;23.11.12 20:33;23.11.12 20:56;0000-00-00 00:00:00;51;165;468;532;742;1081;1357;681;687;1319
65;0;0;31;379916;-77;1037;7;0;0;0;0;0;0;1;Banking;1;Germany;3;-99;2;-99;3;1;0;0;0;-99;5;4;5;3;4;5;4;5;4;5;4;2;4;4;3;4;5;5;3;3;4;4;2;2;5;3;3;2;4;4;5;3;4;3;4;5;3;3;2;2;4;1;0;0;1;0;-99;0;0;1;1;1;0;0;-99;1;0;0;0;-99;5;4;3;4;4;0;0;0;1;0;1;0;1;0;1;0;-99;0;1;1;1;0;-99;0;1;1;1;0;0;-99;1;0;0;-99;0;2;-99;0;0;0;-99;-99;4;2;2;1;3;2;4;2;2;2;1;2;4;2;2;3;4;4;2;4;1;3;3;4;3;5;2;3;1;1;4;3;2;4;5;2;11;20;2;5;19;Change Requests and Replannings, inability to get approval to Requirements Specification;Bad surprises after Go-Live;Change Requests, repeated review cycles;Change Requests, repeated review cycles;Change Requests, repeated review cycles, also in later project phases like SW design or even UAT;1;0;1;0;0;Best level of involvement of Business Analysts in later project phases.  Requirements Engineering for enhancements on the existing application - bringing the existing and the new requirements together.;"Mozilla/5.0 (Macintosh; Intel Mac OS X 10.5; rv:16.0) Gecko/20100101 Firefox/16.0";-99;0;-99;381045,381055,381096,381268,381738,381735,381737,381736,381276,381613,382180,382176,381638,379916;0;1;0;-77;-77;c384724bd4f9c8acc4bbc19bc76b8fdc;1;0;1353777968;24.11.12 17:26;24.11.12 17:43;0000-00-00 00:00:00;10;52;263;303;502;780;1037;450;465;942
66;0;0;31;379916;-77;1625;2;1;0;1;1;0;0;1;Agile Training;2;Germany;8;Web-based, mobile, Enterprise Software;6;Managing Director;3;0;1;0;0;-99;3;3;3;3;3;2;2;2;2;2;1;4;2;1;2;4;5;2;3;1;4;3;5;4;1;0;0;0;0;0;0;0;0;0;0;0;0;0;0;0;3;0;1;0;0;0;-99;0;0;0;0;0;0;1;We don't believe that a standardized RE reference model provides value to us;0;0;0;1;Again: We think, standardized RE models are the wrong way;1;0;0;0;0;0;0;0;0;0;0;0;0;0;0;1;The optimal interface between Product Owner and team is negotiated during the course of the project between the two;0;0;0;0;1;"No standard; Project specific negotiations are monitored via retrospectives by both team and PO";0;1;1;0;0;1;Continuous improvement is core of an agile approach to work;0;0;1;Retrospectives and monthly Company wide Open Space events;0;2;We don't improve to reach compliane to any internal or external standard (unless the domain enforces us, i.e. medical) but to optimize quality and service level for the customer. We don't believe that a standard is helpful in this task;0;0;1;Collaborative reflection during retrospectives and using whatever tol is appropriate to improve us;Customer Satisfaction (e.g. A/B tests, NPS, etc.);0;0;0;0;0;0;0;0;0;0;0;0;0;0;0;4;4;3;3;5;1;2;5;4;0;5;5;5;2;4;2;3;0;2;5;4;11;5;8;20;12;Not really a problem, but a condition of the environment: The business world changes faster than most projects run;Requirements emerge and change priority once the system is deployed. Again, this is no problem but the environment. It becomes a problem if you're not prepared to deal with it;Actually this is less a problem of the stakeholders but of insufficient understanding. Again it only becomes a problem if you ignore it;Most unfunctional requirements are too complex to be caged into simple numbers. Understanding the real need of the users/customers is crucial here;A classical problem if you split RE and implementation. Usually non-existent if you work in close contact and using time-boxing and if the business experts get transparency about the real cost of their reqs early;0;0;0;0;0;My problem with this survey was that it was based upon the idea that a standardized and separated req process actually is a good idea. If you work according to agile ideas, this usually is not the case (unless the domain enforces tracebility). So I wasn't able to provide meaningful answers to many of the question;"Mozilla/5.0 (Macintosh; Intel Mac OS X 10.7; rv:16.0) Gecko/20100101 Firefox/16.0";-99;0;-99;381045,381055,381096,381268,381738,381735,381737,381736,381276,381613,382180,382176,381638,379916;0;1;0;-77;-77;1162e9a98f42dbccbba547ef755fcaf0;1;0;1353915329;26.11.12 07:35;26.11.12 08:02;0000-00-00 00:00:00;14;111;290;370;842;1142;1625;554;559;1459
67;0;0;31;379916;-77;1424;7;0;0;0;0;0;0;1;Automotive;1;D;1;-99;1;-99;3;1;0;0;0;-99;5;5;5;4;5;5;5;5;3;4;5;3;5;5;1;5;5;5;5;4;5;4;4;4;4;4;5;4;4;4;4;4;4;4;4;3;3;3;4;3;4;1;0;1;1;0;-99;0;0;1;1;1;0;0;-99;1;0;0;0;-99;4;2;4;2;4;0;1;0;0;0;1;0;1;1;1;0;-99;0;0;0;1;0;-99;0;1;1;0;0;0;-99;1;0;0;-99;0;2;leak of knowledge;1;0;0;-99;-99;4;4;2;1;4;3;4;4;4;4;4;3;2;4;5;4;4;3;4;4;3;3;3;4;5;5;3;4;3;3;4;3;3;3;3;3;11;10;4;16;1;late rfc;many iterations;many iterations;processing issues;processing issues;1;1;0;0;0;-99;"Mozilla/4.0 (compatible; MSIE 8.0; Windows NT 6.1; WOW64; Trident/4.0; SLCC2; .NET CLR 2.0.50727; .NET CLR 3.5.30729; .NET CLR 3.0.30729; Media Center PC 6.0; .NET4.0C; .NET4.0E; InfoPath.3)";-99;0;-99;381045,381055,381096,381268,381738,381735,381737,381736,381276,381613,382180,382176,381638,379916;1;0;0;-77;-77;3ae46f4289c2465b090a283877113f53;1;0;1353915742;26.11.12 07:42;26.11.12 08:06;0000-00-00 00:00:00;9;126;476;565;864;1181;1424;769;774;1380
68;0;0;31;379916;-77;4142;4;0;1;0;1;1;0;0;-99;2;germany, switzerland, france;8;Construction;5;-99;3;0;0;1;0;-99;5;5;5;5;5;5;5;3;2;5;5;3;5;4;5;3;2;5;5;3;3;5;5;4;5;4;3;3;3;3;4;5;4;3;4;5;3;2;2;3;3;1;1;1;0;1;with support of associations;0;0;1;1;1;0;1;NEW PROJECTS WE DO SCRUM, OLD PROJEKTS WATERFALL METHOD ;1;0;0;1;Quality, Standardization;5;4;2;4;1;1;0;0;0;1;0;0;1;1;1;0;-99;0;1;1;1;0;-99;0;1;1;1;0;0;-99;1;1;0;-99;0;2;To keep the software usable for customer, to do the right things and not to loose the overview;1;1;0;-99;-99;0;0;0;0;0;0;0;0;0;0;0;0;0;0;0;0;0;0;0;0;0;0;0;0;0;0;0;0;0;0;0;0;0;0;0;2;5;11;16;0;0;to take more time for analysation, not chaine team members;-99;not to begin several projects at the same time;-66;-66;1;0;0;-77;-77;-99;"Mozilla/5.0 (Windows NT 6.1; rv:17.0) Gecko/17.0 Firefox/17.0";-99;0;-99;381045,381055,381096,381268,381738,381735,381737,381736,381276,381613,382180,382176,381638,379916;0;0;0;-77;-77;55a88c3386512cb544d6308a8e5749b4;1;0;1353918252;26.11.12 08:24;26.11.12 09:33;0000-00-00 00:00:00;173;434;1820;2154;3002;3679;4142;2602;2612;4101
69;0;0;22;381096;-77;2;3;0;0;1;1;1;0;0;-99;2;Germany;0;-99;0;-99;3;0;1;0;0;-99;-77;-77;-77;-77;-77;-77;-77;-77;-77;-77;-77;-77;-77;-77;-77;-77;-77;-77;-77;-77;-77;-77;-77;-77;-77;-77;-77;-77;-77;-77;-77;-77;-77;-77;-77;-77;-77;-77;-77;-77;-77;-77;-77;-77;-77;-77;-66;-77;-77;-77;-77;-77;-77;-77;-66;-77;-77;-77;-77;-66;-77;-77;-77;-77;-77;-77;-77;-77;-77;-77;-77;-77;-77;-77;-77;-77;-66;-77;-77;-77;-77;-77;-66;-77;-77;-77;-77;-77;-77;-66;-77;-77;-77;-66;-77;-77;-66;-77;-77;-77;-66;-66;-77;-77;-77;-77;-77;-77;-77;-77;-77;-77;-77;-77;-77;-77;-77;-77;-77;-77;-77;-77;-77;-77;-77;-77;-77;-77;-77;-77;-77;-77;-77;-77;-77;-77;-77;-77;-77;-77;-77;-77;-77;-66;-66;-66;-66;-66;-77;-77;-77;-77;-77;-66;"Mozilla/5.0 (Windows NT 6.1; rv:15.0) Gecko/20100101 Firefox/15.0.1";-99;0;-99;381045,381055,381096;0;1;0;-77;-77;c5ae462f92a493c88158d08d150c472d;1;0;1353940510;26.11.12 14:35;26.11.12 14:35;0000-00-00 00:00:00;3;47;0;0;0;0;0;0;0;0
70;0;0;32;379916;-77;-1;2;0;0;1;1;0;1;0;-99;1;Germany;1;-99;6;Test Manager / IT-Quality Manager;3;0;1;0;0;-99;3;5;3;3;4;3;4;3;3;4;3;2;4;5;4;5;3;3;5;5;5;3;2;3;4;2;4;2;4;4;5;3;5;4;2;3;3;4;2;5;3;0;1;0;1;0;-99;0;0;1;0;0;0;1;Depending on the projects we have no process or we define or have defined coarse processes;0;1;0;1;We use it only, if a higher efficiency is appearent;2;2;3;1;2;0;0;0;1;0;0;1;0;0;0;0;-99;1;0;0;0;0;-99;1;2;0;0;0;0;-99;0;0;0;-99;0;0;-99;0;0;0;-99;-99;3;2;4;3;3;3;3;3;4;4;3;4;3;3;3;5;5;3;3;5;4;3;2;3;2;5;5;4;2;2;5;4;4;5;3;4;16;11;12;1;19;lower quality of requirements or simply no (documented current) requirements;change request, overhead;bad efficiency, low profit;time spent for wrong things, bad efficiency, low profit;time spent for wrong things, bad efficiency, low profit;1;0;0;1;0;In our business the RE process is in most times not of high importance.  This stems from the fact, that the RE process is not very important for our customers, as they have not the time to clarify the requirements and we will therefore also try to make reasonable things within the project.;"Opera/9.80 (Windows NT 6.1; WOW64) Presto/2.12.388 Version/12.11";-99;0;-99;381045,381055,381096,381268,381738,381735,381737,381736,381613,382180,382176,381638,379916;1;1;0;-77;-77;705eb48656e11039a2f5394a495a6ce7;1;0;1353947559;26.11.12 16:32;26.11.12 18:01;0000-00-00 00:00:00;47;325;957;1420;1800;2503;5343;1730;1804;5009
71;0;0;31;379916;-77;1466;7;0;0;0;0;0;0;1;Chemical Industry and Production;1;Germany;8;Chemical Industry;4;-99;3;1;0;1;0;-99;4;3;3;3;4;4;4;3;3;4;5;2;5;4;5;4;5;4;5;4;3;4;3;4;3;4;4;3;2;4;5;4;3;4;3;3;4;3;4;3;4;1;1;1;0;0;-99;0;0;1;0;1;0;0;-99;0;0;0;1;Consolidation, Unity, Traceability;3;4;4;3;3;0;0;1;0;0;1;0;0;0;0;0;-99;1;1;0;1;0;-99;0;2;-77;-77;-77;-77;-66;-77;-77;-77;-66;-77;-77;-66;-77;-77;-77;-66;-66;4;3;3;4;5;5;4;4;4;3;4;4;4;3;5;4;3;4;4;5;4;3;3;4;5;5;3;3;3;2;4;3;4;4;4;4;10;11;5;21;16;Project report and progress hard to communicate ; Neverending story ;Unnecessary loops and iterations;High alignment and corrective efforts;Stripping/ leaving features;1;1;1;0;0;-99;"Mozilla/4.0 (compatible; MSIE 8.0; Windows NT 6.1; Trident/4.0; SLCC2; .NET CLR 2.0.50727; .NET CLR 3.5.30729; .NET CLR 3.0.30729; Media Center PC 6.0; .NET4.0C; .NET4.0E; MS-RTC LM 8)";-99;0;-99;381045,381055,381096,381268,381738,381735,381737,381736,381613,382180,382176,381638,379916;0;0;0;-77;-77;9f8ba7186c28f9996a24a686d42cebfe;1;0;1354179594;29.11.12 08:59;29.11.12 09:24;0000-00-00 00:00:00;33;257;540;651;0;1111;1466;868;874;1448
72;0;0;22;381096;-77;26;7;0;0;0;0;0;0;1;-99;1;Germany;1;-99;2;-99;2;0;0;1;0;-99;-77;-77;-77;-77;-77;-77;-77;-77;-77;-77;-77;-77;-77;-77;-77;-77;-77;-77;-77;-77;-77;-77;-77;-77;-77;-77;-77;-77;-77;-77;-77;-77;-77;-77;-77;-77;-77;-77;-77;-77;-77;-77;-77;-77;-77;-77;-66;-77;-77;-77;-77;-77;-77;-77;-66;-77;-77;-77;-77;-66;-77;-77;-77;-77;-77;-77;-77;-77;-77;-77;-77;-77;-77;-77;-77;-77;-66;-77;-77;-77;-77;-77;-66;-77;-77;-77;-77;-77;-77;-66;-77;-77;-77;-66;-77;-77;-66;-77;-77;-77;-66;-66;-77;-77;-77;-77;-77;-77;-77;-77;-77;-77;-77;-77;-77;-77;-77;-77;-77;-77;-77;-77;-77;-77;-77;-77;-77;-77;-77;-77;-77;-77;-77;-77;-77;-77;-77;-77;-77;-77;-77;-77;-77;-66;-66;-66;-66;-66;-77;-77;-77;-77;-77;-66;"Mozilla/4.0 (compatible; MSIE 8.0; Windows NT 6.1; Trident/4.0; SLCC2; .NET CLR 2.0.50727; .NET CLR 3.5.30729; .NET CLR 3.0.30729; .NET4.0C; .NET4.0E; InfoPath.2)";-99;0;-99;381045,381055,381096;0;0;0;-77;-77;0a53e0c410139afe2644696427893529;1;0;1354183245;29.11.12 10:00;29.11.12 10:02;0000-00-00 00:00:00;26;106;0;0;0;0;0;0;0;0
73;0;0;31;379916;-77;1107;7;0;0;0;0;0;0;1;Automotive;1;Germany;1;-99;2;-99;2;0;0;1;0;-99;5;5;5;5;5;5;5;5;5;5;5;1;5;5;5;5;3;5;3;3;4;5;1;1;5;4;3;1;3;1;5;3;5;1;1;5;3;1;5;1;4;1;0;1;0;0;-99;0;0;1;1;1;0;0;-99;0;0;0;1;it is required my domain specific standards;5;1;1;5;1;0;1;0;0;0;1;0;1;0;0;0;-99;0;1;1;1;0;-99;0;2;-77;-77;-77;-77;-66;-77;-77;-77;-66;-77;-77;-66;-77;-77;-77;-66;-66;1;1;1;1;3;3;3;1;1;1;1;4;5;5;5;5;1;1;3;3;1;1;1;3;1;3;1;1;1;1;5;4;1;5;1;1;16;19;1;5;11;-99;-99;-99;-99;-99;1;0;0;0;0;-99;"Mozilla/5.0 (iPhone; CPU iPhone OS 6_0_1 like Mac OS X) AppleWebKit/536.26 (KHTML, like Gecko) Version/6.0 Mobile/10A523 Safari/8536.25";-99;0;-99;381045,381055,381096,381268,381738,381735,381737,381736,381613,382180,382176,381638,379916;1;1;0;-77;-77;a2bdaf5d2b99fa1a3f8f4bf8569a14e1;1;0;1354206416;29.11.12 16:26;29.11.12 16:45;0000-00-00 00:00:00;14;65;328;413;0;1007;1107;608;637;1063
74;0;0;31;379916;-77;662;7;0;0;0;0;0;0;1;-99;1;Germany;2;-99;1;-99;3;1;0;0;0;-99;5;4;4;4;4;4;3;4;3;3;5;4;5;5;4;4;5;4;4;4;4;4;5;4;3;5;4;3;5;4;4;4;4;5;5;5;4;3;5;4;4;1;0;1;1;0;-99;0;1;1;1;1;0;0;-99;1;0;0;0;-99;4;3;5;3;3;0;0;1;0;1;0;0;0;0;1;0;-99;0;1;0;1;0;-99;0;2;-77;-77;-77;-77;-66;-77;-77;-77;-66;-77;-77;-66;-77;-77;-77;-66;-66;3;3;3;3;3;3;2;2;2;2;2;2;2;4;4;4;4;3;4;4;3;4;4;4;4;4;4;4;2;3;3;3;3;4;5;4;19;20;13;10;9;Discussions during implementation on how to interpret the requirements;Performance or other NFRs not initially considered in architecture, acceptance of applications not always clear ;Partly reason for unclear requirements;Changes in requirements are not always easy to implement;Discussions during implementation on how to interpret the requirements;1;1;1;0;0;-99;"Mozilla/5.0 (Windows NT 5.1; rv:12.0) Gecko/20100101 Firefox/12.0";-99;0;-99;381045,381055,381096,381268,381738,381735,381737,381736,381613,382180,382176,381638,379916;1;1;0;-77;-77;7bec224aafdb2056504ad6653ce31fa3;1;0;1354260437;30.11.12 07:27;30.11.12 07:38;0000-00-00 00:00:00;38;81;218;256;0;479;662;315;322;610
75;0;0;20;0;-77;0;-77;-77;-77;-77;-77;-77;-77;-77;-66;-77;-66;-77;-66;-77;-66;-77;-77;-77;-77;-77;-66;-77;-77;-77;-77;-77;-77;-77;-77;-77;-77;-77;-77;-77;-77;-77;-77;-77;-77;-77;-77;-77;-77;-77;-77;-77;-77;-77;-77;-77;-77;-77;-77;-77;-77;-77;-77;-77;-77;-77;-77;-77;-77;-77;-77;-77;-77;-66;-77;-77;-77;-77;-77;-77;-77;-66;-77;-77;-77;-77;-66;-77;-77;-77;-77;-77;-77;-77;-77;-77;-77;-77;-77;-77;-77;-77;-77;-66;-77;-77;-77;-77;-77;-66;-77;-77;-77;-77;-77;-77;-66;-77;-77;-77;-66;-77;-77;-66;-77;-77;-77;-66;-66;-77;-77;-77;-77;-77;-77;-77;-77;-77;-77;-77;-77;-77;-77;-77;-77;-77;-77;-77;-77;-77;-77;-77;-77;-77;-77;-77;-77;-77;-77;-77;-77;-77;-77;-77;-77;-77;-77;-77;-77;-77;-66;-66;-66;-66;-66;-77;-77;-77;-77;-77;-66;"Mozilla/5.0 (X11; U; Linux i686; en-US; rv:1.9.2.13) Gecko/20110516 Ubuntu/10.04 (lucid) Firefox/3.6.13";-99;0;-99;0;1;0;0;-77;-77;a1172b0c4aead4de894fcf1352e0f912;1;0;1354265616;30.11.12 08:53;30.11.12 08:53;0000-00-00 00:00:00;0;0;0;0;0;0;0;0;0;0
76;0;0;20;0;-77;0;-77;-77;-77;-77;-77;-77;-77;-77;-66;-77;-66;-77;-66;-77;-66;-77;-77;-77;-77;-77;-66;-77;-77;-77;-77;-77;-77;-77;-77;-77;-77;-77;-77;-77;-77;-77;-77;-77;-77;-77;-77;-77;-77;-77;-77;-77;-77;-77;-77;-77;-77;-77;-77;-77;-77;-77;-77;-77;-77;-77;-77;-77;-77;-77;-77;-77;-77;-66;-77;-77;-77;-77;-77;-77;-77;-66;-77;-77;-77;-77;-66;-77;-77;-77;-77;-77;-77;-77;-77;-77;-77;-77;-77;-77;-77;-77;-77;-66;-77;-77;-77;-77;-77;-66;-77;-77;-77;-77;-77;-77;-66;-77;-77;-77;-66;-77;-77;-66;-77;-77;-77;-66;-66;-77;-77;-77;-77;-77;-77;-77;-77;-77;-77;-77;-77;-77;-77;-77;-77;-77;-77;-77;-77;-77;-77;-77;-77;-77;-77;-77;-77;-77;-77;-77;-77;-77;-77;-77;-77;-77;-77;-77;-77;-77;-66;-66;-66;-66;-66;-77;-77;-77;-77;-77;-66;"Mozilla/5.0 (Windows NT 6.1; WOW64) AppleWebKit/537.11 (KHTML, like Gecko) Chrome/23.0.1271.91 Safari/537.11";-99;0;-99;0;1;0;0;-77;-77;24be9f4b5284b87938798e422bb4c10c;1;0;1354367807;01.12.12 13:16;01.12.12 13:16;0000-00-00 00:00:00;0;0;0;0;0;0;0;0;0;0
77;0;0;22;382176;-77;1519;7;1;0;1;1;1;0;0;-99;1;Germany;7;-99;1;-99;3;0;1;0;0;-99;5;4;5;4;5;3;2;2;2;1;5;1;3;4;2;4;5;3;5;2;4;3;4;4;1;4;2;1;4;5;5;3;4;4;4;3;3;1;2;3;3;1;0;0;1;0;-99;1;1;0;0;1;0;0;-99;1;0;0;0;-99;2;3;5;4;5;1;1;0;0;0;1;1;0;0;1;0;-99;0;1;0;1;0;-99;0;2;-77;-77;-77;-77;-66;-77;-77;-77;-66;-77;-77;-66;-77;-77;-77;-66;-66;1;1;1;1;2;2;1;3;3;1;4;3;4;1;1;2;2;2;2;4;1;5;5;4;4;3;2;3;1;1;4;3;2;4;3;3;7;16;8;5;19;-66;-66;-66;-66;-66;-77;-77;-77;-77;-77;-66;"Mozilla/5.0 (Windows NT 6.1; rv:17.0) Gecko/20100101 Firefox/17.0";-99;0;-99;381045,381055,381096,381268,381738,381735,381737,381736,381613,382180,382176;0;1;0;-77;-77;9173b2124cd80831cfd8869c134bec9a;1;0;1354549359;03.12.12 15:42;03.12.12 16:16;0000-00-00 00:00:00;163;320;1088;1238;0;2017;0;1501;1519;0
78;0;0;31;379916;-77;1227;7;1;0;1;1;1;0;0;-99;1;Germany;7;-99;1;-99;3;0;1;0;0;-99;5;4;4;4;5;1;2;3;3;2;5;1;3;5;2;5;4;3;4;2;4;3;4;2;3;4;2;1;5;4;4;2;4;4;5;2;4;1;1;3;3;1;1;0;1;0;-99;0;0;0;1;1;0;0;-99;1;0;0;0;-99;3;4;2;4;5;1;1;0;0;0;1;1;0;0;1;0;-99;0;1;0;1;0;-99;0;2;-77;-77;-77;-77;-66;-77;-77;-77;-66;-77;-77;-66;-77;-77;-77;-66;-66;2;4;2;1;3;3;2;3;1;3;2;1;1;2;2;2;2;3;1;3;3;5;4;4;4;3;2;1;1;1;4;3;3;3;4;3;7;16;9;8;20;customer not available for workshops, missing priorization by customer management;RE is not detailed enough to be the base for architecture/implementation;inconstistent object models;difficulty to focus on the  what  and not on  how , difficulty to express needs without reference to old solutions;-99;1;0;0;0;0;-99;"Mozilla/5.0 (Windows NT 6.1; rv:17.0) Gecko/20100101 Firefox/17.0";-99;0;-99;381045,381055,381096,381268,381738,381735,381737,381736,381613,382180,382176,381638,379916;1;1;0;-77;-77;faeecd1fd6b47b0c7e9f24f474894ca6;1;0;1354551450;03.12.12 16:17;03.12.12 16:37;0000-00-00 00:00:00;19;250;463;539;0;875;1227;627;634;1211
79;0;0;31;379916;-77;2798;2;1;1;0;0;0;0;0;-99;1;Germany;8;Energy, Service Organisations, Engineering;6;Product Manager;3;0;0;1;1;-99;5;3;3;3;5;5;3;4;4;4;5;1;5;5;1;5;4;5;3;3;4;4;4;4;3;5;4;3;3;3;5;2;2;5;4;4;4;1;4;4;3;1;1;0;1;0;-99;0;0;0;1;1;0;0;-99;1;0;0;1;Company growth made it inevitable;2;0;2;4;4;0;0;1;0;1;0;0;0;0;1;0;-99;0;1;0;1;0;-99;0;1;1;0;0;0;-99;0;0;0;-99;1;2;- Knowledge base within the company  - Small start with improvements over time, means we are not there yet;1;0;0;-99;-99;3;3;3;1;3;3;3;4;4;3;4;3;3;5;5;4;4;4;4;5;1;3;5;4;4;4;3;3;3;2;4;4;2;5;4;3;5;19;1;16;8;After acceptance testing failed, the hidden requirements came up and had to be fixed on an emergency level;After 1st handover to customer hectical re-design and spec updates to solve the issues;-99;Design compromises towards the end of a project leading to poor implementation of the requirements;-99;1;1;0;0;0;-99;"Mozilla/5.0 (Windows NT 6.1; WOW64; rv:17.0) Gecko/17.0 Firefox/17.0";-99;0;-99;381045,381055,381096,381268,381738,381735,381737,381736,381276,381613,382180,382176,381638,379916;1;1;0;-77;-77;5b55a9cf8ba374205b1c3f81063dc35a;1;0;1354627057;04.12.12 13:17;04.12.12 14:04;0000-00-00 00:00:00;10;176;463;589;1045;1416;2798;917;923;2336
80;0;0;31;379916;-77;681;2;1;0;1;0;1;0;0;-99;1;DE;2;-99;6;Consultant;3;0;1;0;0;-99;2;4;3;5;2;1;2;3;5;2;3;1;5;4;4;5;1;1;4;2;2;2;4;3;1;2;3;1;1;2;4;2;4;5;3;1;1;1;4;5;3;0;1;0;0;0;-99;0;0;0;0;0;1;0;-99;-77;-77;-77;-77;-66;-77;-77;-77;-77;-77;-77;-77;-77;-77;-77;-77;-77;-77;-77;-77;-77;-66;-77;-77;-77;-77;-77;-66;-77;1;0;0;0;1;Efficiency;0;0;0;-99;1;2;time/speed;1;0;0;-99;-99;1;1;1;3;3;1;1;5;4;1;2;2;2;2;1;2;3;2;1;3;4;5;5;5;1;2;1;2;1;1;3;1;2;1;3;1;8;9;7;6;16;real requirements remain unknown;"many discussions; loss of time";"many discussions; loss of time";"many discussions; loss of time";mistakes / bugs;0;0;0;0;0;no;"Mozilla/5.0 (Windows NT 6.1; WOW64; rv:16.0) Gecko/20100101 Firefox/16.0";-99;0;-99;381045,381055,381096,381268,381738,381737,381736,381276,381613,382180,382176,381638,379916;1;0;0;-77;-77;9eb807e640eb278bebc87a3b0202c7a0;1;0;1354631200;04.12.12 14:26;04.12.12 14:38;0000-00-00 00:00:00;4;58;301;340;394;589;681;0;350;668
81;0;0;31;379916;-77;1934;6;1;1;1;1;1;0;0;-99;1;Germany;8;Quality Management;6;Quality Manager;3;0;1;0;0;-99;5;5;3;3;4;4;4;3;3;5;4;2;5;5;5;4;4;3;3;4;5;5;4;4;3;3;2;4;4;4;5;4;4;4;5;4;3;2;5;3;3;1;1;1;1;0;-99;0;0;1;1;1;0;0;-99;0;1;1;0;-99;3;3;1;3;4;1;1;0;0;1;0;0;1;0;1;0;-99;0;0;1;1;0;-99;0;1;1;1;0;0;-99;1;0;0;-99;0;1;-99;1;0;0;-99;-99;3;3;3;3;3;4;4;4;2;3;4;4;2;5;4;2;4;4;3;5;4;5;5;4;5;4;4;4;1;3;4;4;2;5;2;5;7;8;10;5;21;-99;-99;-99;-99;-99;1;1;0;1;0;Not enough experts available (HR problem).;"Mozilla/5.0 (compatible; MSIE 9.0; Windows NT 6.1; WOW64; Trident/5.0)";-99;0;-99;381045,381055,381096,381268,381738,381735,381737,381736,381276,381613,382180,382176,381638,379916;0;0;0;-77;-77;aae311b1c18dba23169e13b2e8745041;1;0;1354725527;05.12.12 16:38;05.12.12 17:11;0000-00-00 00:00:00;109;261;682;795;1262;1750;1934;1094;1104;1839
82;0;0;31;379916;-77;1480;4;0;1;1;1;0;0;0;-99;1;Germany;8;Time Management / Staff Efficiency;2;-99;3;0;0;1;0;-99;5;4;5;4;4;5;3;4;4;3;4;3;5;5;3;4;4;5;4;4;4;5;5;4;3;4;4;4;5;4;5;3;5;4;4;5;5;4;5;4;3;1;1;1;1;0;-99;0;0;1;1;1;0;0;-99;1;0;0;0;-99;3;3;2;3;2;1;0;0;0;1;0;0;0;1;0;0;-99;0;0;0;1;0;-99;0;1;1;0;0;0;-99;1;0;0;-99;0;2;We want to live our own agility...;1;0;0;-99;-99;3;3;3;4;5;3;2;4;4;3;2;2;3;4;2;4;5;4;3;4;4;4;4;4;4;4;3;4;3;2;4;2;3;4;4;4;5;20;9;8;16;Come up at the very end of development / after shipment;Are never understood along the line and result in #1;Another facet of incomplete requirements - naive demands that does not fit to the main product concepts / contradict existing solutions etc.;Developers think in solutions. The problem is: even Product Managers and Consultants do it;A general (almost philosophical) problem. And we have always a fixed completion date.;1;1;1;0;0;Well, zillions of aspects, but the Questionnaire covers them on a good abstraction level!;"Mozilla/5.0 (compatible; MSIE 9.0; Windows NT 6.1; WOW64; Trident/5.0)";-99;0;-99;381045,381055,381096,381268,381738,381735,381737,381736,381276,381613,382180,382176,381638,379916;0;0;0;-77;-77;0c557d1709ea4d87c29d066342d8d4a6;1;0;1355048101;09.12.12 10:15;09.12.12 10:39;0000-00-00 00:00:00;137;236;530;633;928;1188;1480;839;843;1408
83;0;0;31;379916;-77;794;7;0;0;0;0;0;1;0;-99;1;Germany;1;-99;1;-99;3;0;1;1;0;-99;5;5;5;5;5;4;3;3;2;4;4;3;5;5;4;5;5;5;4;5;3;2;1;2;4;4;5;1;2;2;3;2;3;5;4;3;2;1;5;2;4;0;0;0;1;0;-99;0;0;1;1;1;0;0;-99;1;0;0;0;-99;2;2;3;3;3;0;1;0;0;1;0;0;0;1;1;0;-99;0;1;1;1;0;-99;0;1;1;0;0;0;-99;1;0;0;-99;0;1;-99;1;1;0;-99;-99;4;4;2;1;1;2;4;3;1;1;1;2;3;4;2;4;3;3;2;2;2;2;5;4;5;5;4;2;1;3;4;3;2;1;4;4;8;12;10;0;0;-99;-99;-99;-66;-66;0;0;0;-77;-77;-99;"Mozilla/4.0 (compatible; MSIE 8.0; Windows NT 6.1; WOW64; Trident/4.0; SLCC2; .NET CLR 2.0.50727; .NET CLR 3.5.30729; .NET CLR 3.0.30729; Media Center PC 6.0; .NET4.0C; .NET4.0E; InfoPath.3)";-99;0;-99;381045,381055,381096,381268,381738,381735,381737,381736,381276,381613,382180,382176,381638,379916;1;1;0;-77;-77;1e0feea7e4c2ef9e99096b3ee222a0cf;1;0;1355146989;10.12.12 13:43;10.12.12 13:56;0000-00-00 00:00:00;7;66;293;366;563;767;794;498;503;785
84;0;0;31;379916;-77;1028;7;0;0;0;0;0;0;1;Mechanical Engineering;1;Germany;8;Engineering;1;-99;2;0;0;1;0;-99;5;4;5;3;4;4;3;4;2;4;2;1;4;3;3;5;4;5;3;4;4;2;4;3;1;5;5;1;4;4;2;1;5;5;4;3;4;4;5;2;4;1;0;0;1;0;-99;0;0;1;0;0;0;0;-99;0;0;0;0;-99;1;1;1;1;1;0;1;0;0;0;1;0;0;0;0;0;-99;1;0;0;0;0;-99;1;2;-77;-77;-77;-77;-66;-77;-77;-77;-66;-77;-77;-66;-77;-77;-77;-66;-66;1;1;1;4;1;4;4;5;5;3;5;5;5;5;5;4;2;4;4;5;4;2;5;4;3;4;5;4;1;1;2;4;2;4;5;1;5;1;6;12;3;New requirements emerging (too) late in the project;Missing coordination between different disciplines (electrical engineering., mechanical engineering, software etc.);Project lead does not demand systematic RE;-99;Misleading / unclear terminology: What are requirements, solutions, features etc.?;1;0;0;0;0;-99;"Mozilla/4.0 (compatible; MSIE 8.0; Windows NT 6.1; WOW64; Trident/4.0; SLCC2; .NET CLR 2.0.50727; .NET CLR 3.5.30729; .NET CLR 3.0.30729; .NET4.0C; .NET4.0E; InfoPath.2; MS-RTC LM 8)";-99;0;-99;381045,381055,381096,381268,381738,381735,381737,381736,381613,382180,382176,381638,379916;0;1;0;-77;-77;3635279fce6271706424dc45e4a78590;1;0;1355397810;13.12.12 11:23;13.12.12 11:40;0000-00-00 00:00:00;34;181;498;544;0;813;1028;635;642;1017
85;0;0;20;0;-77;0;-77;-77;-77;-77;-77;-77;-77;-77;-66;-77;-66;-77;-66;-77;-66;-77;-77;-77;-77;-77;-66;-77;-77;-77;-77;-77;-77;-77;-77;-77;-77;-77;-77;-77;-77;-77;-77;-77;-77;-77;-77;-77;-77;-77;-77;-77;-77;-77;-77;-77;-77;-77;-77;-77;-77;-77;-77;-77;-77;-77;-77;-77;-77;-77;-77;-77;-77;-66;-77;-77;-77;-77;-77;-77;-77;-66;-77;-77;-77;-77;-66;-77;-77;-77;-77;-77;-77;-77;-77;-77;-77;-77;-77;-77;-77;-77;-77;-66;-77;-77;-77;-77;-77;-66;-77;-77;-77;-77;-77;-77;-66;-77;-77;-77;-66;-77;-77;-66;-77;-77;-77;-66;-66;-77;-77;-77;-77;-77;-77;-77;-77;-77;-77;-77;-77;-77;-77;-77;-77;-77;-77;-77;-77;-77;-77;-77;-77;-77;-77;-77;-77;-77;-77;-77;-77;-77;-77;-77;-77;-77;-77;-77;-77;-77;-66;-66;-66;-66;-66;-77;-77;-77;-77;-77;-66;Mozilla/5.0 (Windows NT 5.1) AppleWebKit/537.11 (KHTML, like Gecko) Chrome/23.0.1271.95 Safari/537.11;-99;0;-99;0;0;0;0;-77;-77;c796f1916ac2969748bb05330cef9ee9;1;0;1355729087;17.12.12 07:24;17.12.12 07:24;0000-00-00 00:00:00;0;0;0;0;0;0;0;0;0;0
86;0;0;22;381096;-77;68;0;0;0;0;0;0;0;0;-99;0;-99;0;-99;0;-99;0;0;0;0;0;-99;-77;-77;-77;-77;-77;-77;-77;-77;-77;-77;-77;-77;-77;-77;-77;-77;-77;-77;-77;-77;-77;-77;-77;-77;-77;-77;-77;-77;-77;-77;-77;-77;-77;-77;-77;-77;-77;-77;-77;-77;-77;-77;-77;-77;-77;-77;-66;-77;-77;-77;-77;-77;-77;-77;-66;-77;-77;-77;-77;-66;-77;-77;-77;-77;-77;-77;-77;-77;-77;-77;-77;-77;-77;-77;-77;-77;-66;-77;-77;-77;-77;-77;-66;-77;-77;-77;-77;-77;-77;-66;-77;-77;-77;-66;-77;-77;-66;-77;-77;-77;-66;-66;-77;-77;-77;-77;-77;-77;-77;-77;-77;-77;-77;-77;-77;-77;-77;-77;-77;-77;-77;-77;-77;-77;-77;-77;-77;-77;-77;-77;-77;-77;-77;-77;-77;-77;-77;-77;-77;-77;-77;-77;-77;-66;-66;-66;-66;-66;-77;-77;-77;-77;-77;-66;"Mozilla/5.0 (Macintosh; Intel Mac OS X 10_7_5) AppleWebKit/536.26.14 (KHTML, like Gecko) Version/6.0.1 Safari/536.26.14";-99;0;-99;381045,381055,381096;1;1;0;-77;-77;bc4aa065983626ae830006e145c90eeb;1;0;1355765794;17.12.12 17:36;17.12.12 17:41;0000-00-00 00:00:00;68;286;0;0;0;0;0;0;0;0
87;0;0;31;379916;-77;1642;7;0;0;1;0;0;0;0;-99;1;Germany;8;Digital Printing;2;-99;3;0;0;1;0;-99;4;4;3;2;4;4;4;2;2;4;5;4;4;4;4;4;4;4;4;5;4;3;4;4;3;3;3;2;3;0;4;2;4;4;3;4;4;2;2;3;2;1;0;0;1;0;-99;0;1;0;0;0;0;0;-99;1;0;0;0;-99;4;4;4;0;4;1;0;0;0;0;1;0;0;1;0;0;-99;0;1;0;1;0;-99;0;1;1;0;0;0;-99;1;0;0;-99;0;1;-99;0;1;0;-99;-99;3;3;3;3;2;3;3;3;2;2;2;2;3;3;3;3;3;2;4;4;4;2;3;4;3;3;3;3;4;2;3;3;3;3;4;2;5;8;3;11;1;improof specification;improve knowledge exchange with stakeholders;improof skills;better and more detailed specifications;improve team communication;0;0;0;0;0;-99;"Mozilla/4.0 (compatible; MSIE 8.0; Windows NT 5.1; Trident/4.0; .NET CLR 2.0.50727; .NET CLR 3.0.4506.2152; .NET CLR 3.5.30729; .NET CLR 1.1.4322; OfficeLiveConnector.1.5; OfficeLivePatch.1.3)";-99;0;-99;381045,381055,381096,381268,381738,381735,381737,381736,381276,381613,382180,382176,381638,379916;1;1;0;-77;-77;54f8230316faf56a26d4acafe9a68f65;1;0;1355770376;17.12.12 18:52;17.12.12 19:20;0000-00-00 00:00:00;66;268;615;717;1011;1344;1642;882;894;1575
88;0;0;22;381055;-77;0;-77;-77;-77;-77;-77;-77;-77;-77;-66;-77;-66;-77;-66;-77;-66;-77;-77;-77;-77;-77;-66;-77;-77;-77;-77;-77;-77;-77;-77;-77;-77;-77;-77;-77;-77;-77;-77;-77;-77;-77;-77;-77;-77;-77;-77;-77;-77;-77;-77;-77;-77;-77;-77;-77;-77;-77;-77;-77;-77;-77;-77;-77;-77;-77;-77;-77;-77;-66;-77;-77;-77;-77;-77;-77;-77;-66;-77;-77;-77;-77;-66;-77;-77;-77;-77;-77;-77;-77;-77;-77;-77;-77;-77;-77;-77;-77;-77;-66;-77;-77;-77;-77;-77;-66;-77;-77;-77;-77;-77;-77;-66;-77;-77;-77;-66;-77;-77;-66;-77;-77;-77;-66;-66;-77;-77;-77;-77;-77;-77;-77;-77;-77;-77;-77;-77;-77;-77;-77;-77;-77;-77;-77;-77;-77;-77;-77;-77;-77;-77;-77;-77;-77;-77;-77;-77;-77;-77;-77;-77;-77;-77;-77;-77;-77;-66;-66;-66;-66;-66;-77;-77;-77;-77;-77;-66;"Mozilla/5.0 (Windows NT 6.1; rv:17.0) Gecko/20100101 Firefox/17.0";-99;0;-99;381045,3811;1;1;0;-77;-77;e25992ee5a51fde7286af0bbe58335e7;1;0;1355930354;19.12.12 15:19;19.12.12 15:19;0000-00-00 00:00:00;19;0;0;0;0;0;0;0;0;0
89;0;0;31;379916;-77;1869;7;1;1;1;1;1;0;0;-99;1;Germany;8;Automotive Sales ;1;-99;3;0;0;1;1;Consulting;3;3;3;3;3;3;3;3;3;3;3;3;5;4;5;5;5;5;3;2;4;2;3;3;3;3;2;4;4;3;3;3;3;3;4;3;3;3;3;3;3;1;1;1;1;0;-99;0;0;1;1;1;0;0;-99;0;0;0;1;Going beyond existing standards (the birth of our standard is quite some time ago);3;4;2;4;5;1;1;1;0;0;0;1;0;0;1;0;-99;0;0;1;1;0;-99;0;1;0;1;0;1;In the sector of individual software we need to improve the project specific way of RE;0;0;0;-99;1;2;Individualism of the projects (RUP/Agile - Fixed Price/Time&Material - Customer standards - ...);1;0;0;-99;-99;3;4;3;1;3;3;3;1;1;5;2;2;2;2;2;4;5;5;4;4;1;3;5;4;2;3;4;4;2;2;3;4;3;5;3;2;3;19;8;2;4;Changes to be done due to misunderstanding between different customer departments;Hard negotiations regarding the CR/Bug question, mostly leading to bad relationship with the customer on project lead level;Hard negotiations regarding the CR/Bug question OR longer lasting specification phase;Too much interpretation especially from junior colleagues, leading to (unpaied) CRs;(...between customer departments): Delays in approving the requirements, more effort for the RE phase, changing goals, project stops;0;0;0;0;1;In general I feel the most problematic situations are those, where a software system is built to automate communications between departments that are not willingly to work together during RE phase.;Mozilla/5.0 (Windows NT 6.1) AppleWebKit/537.11 (KHTML, like Gecko) Chrome/23.0.1271.97 Safari/537.11;-99;0;-99;381045,381055,381096,381268,381738,381735,381737,381736,381276,381613,382180,382176,381638,379916;1;0;0;-77;-77;9cf6046d67319bfdc11312ce556f389d;1;0;1355937853;19.12.12 17:24;19.12.12 17:55;0000-00-00 00:00:00;4;92;396;451;884;1376;1869;739;743;1763
90;0;0;22;381613;-77;2005;7;1;0;0;0;1;0;0;-99;1;Poland;2;-99;1;-99;3;0;1;0;0;-99;4;4;5;3;3;3;4;3;2;3;5;2;5;5;4;4;5;5;3;4;4;4;5;3;3;4;4;4;4;4;5;3;3;4;5;3;2;2;2;2;3;1;0;0;1;0;-99;0;1;0;0;0;0;0;-99;1;0;1;0;-99;4;4;0;4;4;1;1;1;0;0;0;1;1;0;1;0;-99;0;0;1;1;0;-99;0;1;1;0;0;0;-99;0;0;0;-99;1;2;-99;1;0;0;-99;-99;-77;-77;-77;-77;-77;-77;-77;-77;-77;-77;-77;-77;-77;-77;-77;-77;-77;-77;-77;-77;-77;-77;-77;-77;-77;-77;-77;-77;-77;-77;-77;-77;-77;-77;-77;-77;-77;-77;-77;-77;-77;-66;-66;-66;-66;-66;-77;-77;-77;-77;-77;-66;"Mozilla/4.0 (compatible; MSIE 8.0; Windows NT 6.1; Trident/4.0; SLCC2; .NET CLR 2.0.50727; .NET CLR 3.5.30729; .NET CLR 3.0.30729; Media Center PC 6.0; MS-RTC LM 8; Tablet PC 2.0; Capgemini Outsourcing Services GmbH)";-99;0;-99;381045,381055,381096,381268,381738,381735,381737,381736,381276,381613;1;0;0;-77;-77;bd55075b83f1eb092be9274e0b8ef3c7;1;0;1355986003;20.12.12 06:46;20.12.12 07:21;0000-00-00 00:00:00;27;281;581;729;2072;0;0;1997;2005;0
91;0;0;20;0;-77;0;-77;-77;-77;-77;-77;-77;-77;-77;-66;-77;-66;-77;-66;-77;-66;-77;-77;-77;-77;-77;-66;-77;-77;-77;-77;-77;-77;-77;-77;-77;-77;-77;-77;-77;-77;-77;-77;-77;-77;-77;-77;-77;-77;-77;-77;-77;-77;-77;-77;-77;-77;-77;-77;-77;-77;-77;-77;-77;-77;-77;-77;-77;-77;-77;-77;-77;-77;-66;-77;-77;-77;-77;-77;-77;-77;-66;-77;-77;-77;-77;-66;-77;-77;-77;-77;-77;-77;-77;-77;-77;-77;-77;-77;-77;-77;-77;-77;-66;-77;-77;-77;-77;-77;-66;-77;-77;-77;-77;-77;-77;-66;-77;-77;-77;-66;-77;-77;-66;-77;-77;-77;-66;-66;-77;-77;-77;-77;-77;-77;-77;-77;-77;-77;-77;-77;-77;-77;-77;-77;-77;-77;-77;-77;-77;-77;-77;-77;-77;-77;-77;-77;-77;-77;-77;-77;-77;-77;-77;-77;-77;-77;-77;-77;-77;-66;-66;-66;-66;-66;-77;-77;-77;-77;-77;-66;"Mozilla/5.0 (Windows NT 5.1; rv:17.0) Gecko/20100101 Firefox/17.0";-99;0;-99;0;1;1;0;-77;-77;21d959c335c43adfa44c16b830a45231;1;0;1355990530;20.12.12 08:02;20.12.12 08:02;0000-00-00 00:00:00;0;0;0;0;0;0;0;0;0;0
92;0;0;31;379916;-77;931;7;1;0;0;0;1;0;0;-99;1;Germany;8;Banking, Insurances, Healthcare;1;-99;2;0;1;0;0;-99;5;4;4;4;5;5;5;4;4;5;4;3;4;4;4;5;4;5;4;4;5;4;4;3;4;5;4;4;4;5;5;4;5;5;5;5;4;5;5;4;3;1;1;0;1;0;-99;0;1;0;0;1;0;0;-99;1;0;0;0;-99;3;5;3;4;5;1;1;0;0;0;0;1;1;0;1;0;-99;0;0;0;1;0;-99;0;2;-77;-77;-77;-77;-66;-77;-77;-77;-66;-77;-77;-66;-77;-77;-77;-66;-66;4;4;4;2;3;4;3;3;2;3;3;3;4;4;4;4;4;3;4;4;3;4;3;4;4;4;4;4;3;3;4;4;3;4;4;3;0;0;0;0;0;-66;-66;-66;-66;-66;-77;-77;-77;-77;-77;-99;"Mozilla/4.0 (compatible; MSIE 8.0; Windows NT 6.1; Trident/4.0; GTB7.4; SLCC2; .NET CLR 2.0.50727; .NET CLR 3.5.30729; .NET CLR 3.0.30729; Media Center PC 6.0; MS-RTC LM 8; Tablet PC 2.0)";-99;0;-99;381045,381055,381096,381268,381738,381735,381737,381736,381613,382180,381638,379916;1;1;0;-77;-77;6697cd3dce81df21b1b505ad7b6b72b4;1;0;1356016889;20.12.12 15:21;20.12.12 15:37;0000-00-00 00:00:00;10;103;375;476;0;917;931;661;668;0
93;0;0;31;379916;-77;1296;3;1;0;0;0;0;0;0;-99;2;Germany;2;-99;1;-99;3;0;1;0;0;-99;4;3;3;3;3;1;1;1;1;1;5;5;5;5;5;4;4;4;4;3;3;4;5;3;3;4;3;4;3;3;5;3;5;5;5;3;3;3;3;5;4;1;1;1;1;0;-99;0;0;1;1;0;0;0;-99;0;0;0;1;To have a common understanding of RE within the company;3;3;3;3;0;1;1;0;0;0;0;1;0;0;0;0;-99;1;0;0;0;0;-99;1;1;1;0;0;0;-99;1;0;0;-99;0;2;./:;1;0;1;Feedback from colleagues that worked on various projects;./.;1;1;1;1;1;3;1;3;3;3;3;2;2;3;3;1;3;1;3;5;1;3;5;5;3;5;5;3;3;1;3;3;2;3;4;3;5;11;8;12;19;CRs;CRs;Longer process for doing the final specification;Exceeding of budgets and/or timeline;CRs, ;0;1;0;0;0;-99;"Mozilla/5.0 (Windows NT 6.1; WOW64) AppleWebKit/537.11 (KHTML, like Gecko) Chrome/23.0.1271.97 Safari/537.11";-99;0;-99;381045,381055,381096,381268,381738,381735,381737,381736,381276,381613,382180,382176,381638,379916;0;0;0;-77;-77;2521c681dbde6f9d83dc40071b8563bd;1;0;1356887705;30.12.12 17:15;30.12.12 17:36;0000-00-00 00:00:00;5;72;334;467;750;1029;1296;628;635;1282
94;0;0;31;379916;-77;2547;3;1;0;1;1;1;1;0;-99;1;iteratec GmbH;4;-99;4;-99;3;0;1;0;0;-99;0;0;0;0;0;0;0;0;0;0;4;2;4;4;5;4;5;4;5;4;5;4;5;2;3;5;5;3;5;5;4;3;5;5;5;4;3;3;1;3;4;1;1;1;1;0;-99;0;0;1;1;1;0;0;-99;1;0;0;0;-99;5;4;3;4;5;1;0;0;0;0;0;1;0;0;1;0;-99;0;0;0;1;0;-99;0;1;1;0;0;0;-99;0;0;1;expert group;0;2;Agility,  Lightweightness ;0;0;1;Touchdown Meetings;-99;1;1;1;1;1;1;1;1;1;1;2;1;1;1;1;2;5;5;0;5;1;4;5;5;3;5;3;4;2;2;4;4;4;5;5;3;5;8;11;16;7;Referencing  common sense  as a requirment basis. ;Detailed description of interface changes without background. ;Stakeholders without agreed requirement prioritization. ;Delivery date is known before requirements are clear.;Customer staff overload. ;1;0;0;0;0;-99;"Mozilla/5.0 (Windows NT 6.1; WOW64) AppleWebKit/537.11 (KHTML, like Gecko) Chrome/23.0.1271.97 Safari/537.11";-99;0;-99;381045,381055,381096,381268,381738,381735,381737,381736,381276,381613,382180,382176,381638,379916;0;0;0;-77;-77;53e5b8033787c890ac3d73b3f0adc878;1;0;1357568685;07.01.13 14:24;07.01.13 15:07;0000-00-00 00:00:00;42;169;802;964;1499;1955;2547;1209;1220;2531
95;0;0;20;0;-77;0;-77;-77;-77;-77;-77;-77;-77;-77;-66;-77;-66;-77;-66;-77;-66;-77;-77;-77;-77;-77;-66;-77;-77;-77;-77;-77;-77;-77;-77;-77;-77;-77;-77;-77;-77;-77;-77;-77;-77;-77;-77;-77;-77;-77;-77;-77;-77;-77;-77;-77;-77;-77;-77;-77;-77;-77;-77;-77;-77;-77;-77;-77;-77;-77;-77;-77;-77;-66;-77;-77;-77;-77;-77;-77;-77;-66;-77;-77;-77;-77;-66;-77;-77;-77;-77;-77;-77;-77;-77;-77;-77;-77;-77;-77;-77;-77;-77;-66;-77;-77;-77;-77;-77;-66;-77;-77;-77;-77;-77;-77;-66;-77;-77;-77;-66;-77;-77;-66;-77;-77;-77;-66;-66;-77;-77;-77;-77;-77;-77;-77;-77;-77;-77;-77;-77;-77;-77;-77;-77;-77;-77;-77;-77;-77;-77;-77;-77;-77;-77;-77;-77;-77;-77;-77;-77;-77;-77;-77;-77;-77;-77;-77;-77;-77;-66;-66;-66;-66;-66;-77;-77;-77;-77;-77;-66;"Mozilla/5.0 (Windows NT 5.1; rv:17.0) Gecko/20100101 Firefox/17.0";-99;0;-99;0;0;0;0;-77;-77;5dc5501d863b3e6e09b46fc0fecf6e44;1;0;1357768349;09.01.13 21:52;09.01.13 21:52;0000-00-00 00:00:00;0;0;0;0;0;0;0;0;0;0
96;0;0;31;379916;-77;3986;4;1;0;1;1;1;0;0;-99;1;-99;2;-99;4;-99;3;0;1;0;0;-99;5;5;4;4;5;5;4;3;2;5;5;1;5;4;3;4;4;3;3;4;4;4;5;4;3;5;5;2;5;4;5;5;5;5;5;2;3;1;5;2;3;1;1;0;1;0;-99;0;0;0;0;0;1;0;-99;-77;-77;-77;-77;-66;-77;-77;-77;-77;-77;-77;-77;-77;-77;-77;-77;-77;-77;-77;-77;-77;-66;-77;-77;-77;-77;-77;-66;-77;1;1;0;0;1;"There is obvious room for improvement, as it is now. We need to become more efficient, to stay ahead competitors in the market. Also better efficiency leads to happier employees (more fun to work; improving your skills)";0;0;0;-99;1;2;we do not use any standard;1;0;0;-99;we don't;1;1;1;5;1;1;3;5;4;1;5;5;5;5;5;2;5;4;4;5;5;5;5;4;5;4;3;4;1;1;2;2;1;5;3;2;19;5;8;4;6;Under-specification leads to 1. additional specification during implementation and (more often) 2. failed acceptance in acceptance tests, causing project delay, overtime work, unhappy customers and cost increases.  ;Same as with under-specification. Improvement here could lead to much better cost efficiency.;leads to too complicated solutions;leads to under-specification;Unsufficient support for a thourough specification. Reason: this would mean more effort in an earlier phase. Difficult to sell to the customer.;1;0;0;1;1;Lack of connection between Requirements and Test. This is in my opinion the most sticky management mistake in the projects I encountered. The plans tend to treat Requirements elicitation and testing as two separate and unconnected parts. ;"Mozilla/5.0 (Windows NT 6.1; WOW64; rv:18.0) Gecko/20100101 Firefox/18.0";-99;0;-99;381045,381055,381096,381268,381738,381737,381736,381276,381613,382180,382176,381638,379916;1;0;0;-77;-77;e87b034b040284ec9478f931b31b3716;1;0;1357938460;11.01.13 21:07;11.01.13 22:14;0000-00-00 00:00:00;271;560;1034;1236;1800;2463;3986;0;1247;3381
97;0;0;31;379916;-77;1696;6;0;1;1;1;1;1;0;-99;1;Germany;1;-99;2;-99;2;0;1;1;0;-99;4;4;4;3;4;5;4;4;4;4;4;3;5;5;3;5;5;5;5;4;4;4;3;4;5;5;4;3;3;3;4;4;4;3;2;4;5;3;4;3;3;1;0;0;0;0;-99;0;0;0;0;0;1;0;-99;-77;-77;-77;-77;-66;-77;-77;-77;-77;-77;-77;-77;-77;-77;-77;-77;-77;-77;-77;-77;-77;-66;-77;-77;-77;-77;-77;-66;-77;2;0;0;0;0;-99;0;0;0;-99;0;0;-99;0;0;0;-99;-99;0;0;0;0;0;0;0;0;0;0;0;0;0;0;0;4;4;5;5;4;3;3;4;4;5;5;4;4;1;3;4;4;2;4;5;3;11;3;16;4;10;project duation;communication ;too much defects and go live postponed;communicaion and decision making;understanding the reqs;1;0;1;1;0;-99;"Mozilla/4.0 (compatible; MSIE 7.0; Windows NT 6.1; WOW64; Trident/5.0; SLCC2; .NET CLR 2.0.50727; .NET CLR 3.5.30729; .NET CLR 3.0.30729; Media Center PC 6.0)";-99;0;-99;381045,381055,381096,381268,381738,381737,381736,381613,382180,382176,381638,379916;1;0;0;-77;-77;b3fefb11510e33ce8ba2998d88b544ac;1;0;1358193779;14.01.13 20:02;14.01.13 20:31;0000-00-00 00:00:00;10;187;672;834;851;1313;1696;0;854;1666
98;0;0;22;381055;-77;0;-77;-77;-77;-77;-77;-77;-77;-77;-66;-77;-66;-77;-66;-77;-66;-77;-77;-77;-77;-77;-66;-77;-77;-77;-77;-77;-77;-77;-77;-77;-77;-77;-77;-77;-77;-77;-77;-77;-77;-77;-77;-77;-77;-77;-77;-77;-77;-77;-77;-77;-77;-77;-77;-77;-77;-77;-77;-77;-77;-77;-77;-77;-77;-77;-77;-77;-77;-66;-77;-77;-77;-77;-77;-77;-77;-66;-77;-77;-77;-77;-66;-77;-77;-77;-77;-77;-77;-77;-77;-77;-77;-77;-77;-77;-77;-77;-77;-66;-77;-77;-77;-77;-77;-66;-77;-77;-77;-77;-77;-77;-66;-77;-77;-77;-66;-77;-77;-66;-77;-77;-77;-66;-66;-77;-77;-77;-77;-77;-77;-77;-77;-77;-77;-77;-77;-77;-77;-77;-77;-77;-77;-77;-77;-77;-77;-77;-77;-77;-77;-77;-77;-77;-77;-77;-77;-77;-77;-77;-77;-77;-77;-77;-77;-77;-66;-66;-66;-66;-66;-77;-77;-77;-77;-77;-66;"Mozilla/5.0 (Windows NT 6.1; WOW64) AppleWebKit/537.17 (KHTML, like Gecko) Chrome/24.0.1312.52 Safari/537.17";-99;0;-99;381045,3811;0;0;0;-77;-77;842754a03b4aa4210edbe3f2413ae56a;1;0;1358236463;15.01.13 07:54;15.01.13 07:54;0000-00-00 00:00:00;7;0;0;0;0;0;0;0;0;0
99;0;0;22;381045;-77;557;0;0;0;0;0;0;0;0;-99;0;-99;0;-99;0;-99;0;0;0;0;0;-99;0;0;0;0;0;0;0;0;0;0;0;0;0;0;0;0;0;0;0;0;0;0;0;0;0;0;0;0;0;0;0;0;0;0;0;0;0;0;0;0;0;0;0;0;0;0;-99;0;0;0;0;0;0;0;-99;0;0;0;0;-99;0;0;0;0;0;0;0;0;0;0;0;0;0;0;0;0;-99;0;0;0;0;0;-99;0;0;-77;-77;-77;-77;-66;-77;-77;-77;-66;-77;-77;-66;-77;-77;-77;-66;-66;0;0;0;0;0;0;0;0;0;0;0;0;0;0;0;0;0;0;0;0;0;0;0;0;0;0;0;0;0;0;0;0;0;0;0;0;0;0;0;0;0;-66;-66;-66;-66;-66;-77;-77;-77;-77;-77;-99;"Mozilla/5.0 (Windows NT 6.1; rv:18.0) Gecko/20100101 Firefox/18.0";-99;0;-99;381045;0;1;0;-77;-77;716d1f3d546ae738131427a1b0632d8e;1;0;1358243145;15.01.13 09:45;15.01.13 09:55;0000-00-00 00:00:00;37;559;557;554;0;549;545;553;551;0
100;0;0;31;379916;-77;1709;7;0;0;0;0;0;0;1;Automotive;1;Germany;1;-99;4;-99;2;1;0;0;0;-99;5;5;5;5;5;5;5;4;3;3;4;3;3;3;4;4;4;3;4;4;5;5;5;5;4;4;4;2;2;3;4;3;4;4;4;4;4;5;4;3;4;1;0;1;1;0;-99;0;0;0;0;0;1;0;-99;-77;-77;-77;-77;-66;-77;-77;-77;-77;-77;-77;-77;-77;-77;-77;-77;-77;-77;-77;-77;-77;-66;-77;-77;-77;-77;-77;-66;-77;2;-77;-77;-77;-77;-66;-77;-77;-77;-66;-77;-77;-66;-77;-77;-77;-66;-66;4;4;4;2;3;3;0;4;4;2;3;4;5;3;4;3;4;3;3;4;3;3;5;4;4;5;4;3;2;2;5;4;3;3;3;3;16;11;8;5;12;Updating Requirements-documentation abandoned for reaching Project Goal;extremely late changes and (then) Updating Requirements-documentation abandoned for reaching Project Goal;difficulties eliciting actual requirements, mostly a type of solution is demanded not a problem stated;high degree of changes after 1st delivery;previously  simple  solutions grow unnecessarily complicated;1;1;0;0;0;-99;"Mozilla/5.0 (Windows NT 5.1; rv:10.0.10) Gecko/20100101 Firefox/10.0.10";-99;0;-99;381045,381055,381096,381268,381738,381737,381736,381613,382180,382176,381638,379916;1;0;0;-77;-77;7ec3b665df8bf289c2a19a79ffe47e73;1;0;1358263578;15.01.13 15:26;15.01.13 15:54;0000-00-00 00:00:00;39;132;569;631;0;1017;1709;0;638;1666
101;0;0;31;379916;-77;2852;3;1;0;0;1;1;0;0;-99;2;Germany;8;Automotive;1;-99;3;0;1;0;0;-99;5;5;5;4;3;4;2;2;2;2;4;3;2;4;4;5;5;3;3;5;2;1;5;3;2;5;5;4;2;4;5;2;4;2;3;4;3;2;1;5;4;1;1;1;0;0;-99;0;0;1;1;1;0;0;-99;1;0;0;0;-99;5;3;5;3;5;0;1;0;0;0;0;1;0;0;1;0;-99;0;0;0;1;0;-99;0;1;1;0;0;0;-99;0;0;0;-99;1;2;I am not convinced of the external standards ;1;0;0;-99;-99;1;1;1;1;1;1;1;4;3;1;3;5;1;5;5;1;2;0;3;5;1;4;5;4;5;5;5;5;2;1;1;3;1;4;4;2;10;5;8;13;12;Requirements are not tracked in later phases;Too formal requirements engineering involves the risk of not focussing on the right requirements (quantity instead of quality);It is difficult to find out the requirements without talking about the solution;We often have the  wron  people on customer side;The creativity of the own team;1;0;0;0;0;1. Comprehensibility for the customer of formal/standardized RE methods  2. Solving the problem: quantity versus quality of requirements  3. Problem of customer understandable mapping of gathered requirements to the solution  ;"Mozilla/5.0 (compatible; MSIE 9.0; Windows NT 6.1; WOW64; Trident/5.0)";-99;0;-99;381045,381055,381096,381268,381738,381735,381737,381736,381276,381613,382180,382176,381638,379916;0;1;0;-77;-77;310276ed99cfed74b5adfcc218fa1ad3;1;0;1358495438;18.01.13 07:50;18.01.13 08:38;0000-00-00 00:00:00;8;220;850;1014;1548;2000;2852;1346;1362;2533
102;0;0;31;379916;-77;1790;7;0;0;0;0;0;0;1;Travel and Transportation;1;Germany;8;Travel, Transportation, Marketing, Sales, CRM, Loyalty;2;-99;3;1;0;0;0;-99;5;5;4;3;4;5;5;5;3;5;4;1;5;3;2;4;5;5;4;4;5;5;3;4;3;3;4;5;5;4;5;4;5;3;5;2;5;4;5;3;4;1;0;0;1;0;-99;0;0;1;1;1;0;0;-99;1;0;0;0;-99;1;1;1;1;5;0;1;1;0;0;1;1;0;0;1;0;-99;0;0;0;0;0;-99;1;1;1;0;0;0;-99;1;0;0;-99;0;2;Internal standard is binding. ;1;0;0;-99;na;1;1;1;1;1;1;1;3;1;4;1;1;1;1;1;3;5;4;5;5;1;5;5;5;3;5;5;4;1;1;5;5;3;5;4;5;11;5;12;19;3;-99;-99;-99;-99;-99;0;1;1;1;0;-99;Mozilla/5.0 (Windows NT 6.1) AppleWebKit/537.11 (KHTML, like Gecko) Chrome/23.0.1271.97 Safari/537.11;-99;0;-99;381045,381055,381096,381268,381738,381735,381737,381736,381276,381613,382180,382176,381638,379916;1;1;0;-77;-77;c8410707ce1667fa8514bdc1b6d684a3;1;0;1358516333;18.01.13 13:38;18.01.13 14:08;0000-00-00 00:00:00;66;180;1157;1241;1483;1730;1790;1373;1379;1770
103;0;0;31;379916;-77;4672;3;1;0;1;1;1;0;1;Testing;1;Germany;8;Automotive (Business IT systems);1;-99;3;0;1;0;0;-99;4;4;3;3;3;4;2;3;3;3;4;5;5;5;4;4;5;1;4;2;4;3;4;4;1;3;1;1;2;2;5;3;4;4;5;3;3;2;3;4;4;1;1;1;0;0;-99;0;0;1;0;1;0;0;-99;1;0;0;0;-99;3;1;1;1;1;1;1;0;0;0;0;1;0;0;1;0;-99;0;0;0;0;0;-99;1;1;1;1;0;0;-99;1;0;1;measuring targets/objectives in a BSC;0;2;#NAME?;1;0;0;-99;-99;1;1;1;4;3;1;1;3;4;1;1;2;2;3;3;2;4;4;3;2;2;4;5;4;2;4;4;4;3;1;3;3;4;5;2;1;7;2;1;11;21;No or less project progress. Customer does not approve the specification.;Wrong specifiaction of requirements and to-be processes. Customer does not approve the specification.;Wrong specifiaction of requirements and to-be processes. Customer does not approve the specification.;No or less project progress. Requirements and to-be processes are often discarded and changed.;No or less project progress. Requirements and to-be processes are often discarded and changed.;1;0;0;1;0;RE also involves softskill and change management aspects because it indicates a change in the process and work of people.;"Mozilla/5.0 (compatible; MSIE 9.0; Windows NT 6.1; WOW64; Trident/5.0)";-99;0;-99;381045,381055,381096,381268,381738,381735,381737,381736,381276,381613,382180,382176,381638,379916;0;0;0;-77;-77;520936d7aba62ae393031a3af57693a5;1;0;1358845376;22.01.13 09:02;22.01.13 10:20;0000-00-00 00:00:00;48;260;1799;2034;2744;3856;4672;2430;2442;4223
104;0;0;22;381096;-77;5;3;1;0;0;0;0;0;0;-99;1;Germany;2;-99;6;Product Owner;2;0;0;1;0;-99;-77;-77;-77;-77;-77;-77;-77;-77;-77;-77;-77;-77;-77;-77;-77;-77;-77;-77;-77;-77;-77;-77;-77;-77;-77;-77;-77;-77;-77;-77;-77;-77;-77;-77;-77;-77;-77;-77;-77;-77;-77;-77;-77;-77;-77;-77;-66;-77;-77;-77;-77;-77;-77;-77;-66;-77;-77;-77;-77;-66;-77;-77;-77;-77;-77;-77;-77;-77;-77;-77;-77;-77;-77;-77;-77;-77;-66;-77;-77;-77;-77;-77;-66;-77;-77;-77;-77;-77;-77;-66;-77;-77;-77;-66;-77;-77;-66;-77;-77;-77;-66;-66;-77;-77;-77;-77;-77;-77;-77;-77;-77;-77;-77;-77;-77;-77;-77;-77;-77;-77;-77;-77;-77;-77;-77;-77;-77;-77;-77;-77;-77;-77;-77;-77;-77;-77;-77;-77;-77;-77;-77;-77;-77;-66;-66;-66;-66;-66;-77;-77;-77;-77;-77;-66;"Mozilla/5.0 (Windows NT 6.1; WOW64; rv:14.0) Gecko/20100101 Firefox/14.0.1";-99;0;-99;381045,381055,381096;0;1;0;-77;-77;2de20adca177e27ed0473b8d6113e912;1;0;1359473781;29.01.13 15:36;29.01.13 15:38;0000-00-00 00:00:00;5;100;0;0;0;0;0;0;0;0
105;0;0;31;379916;-77;1742;4;0;0;0;0;1;0;0;-99;1;Germany;2;-99;2;-99;3;0;1;0;0;-99;5;4;3;3;5;4;3;3;2;4;5;1;5;5;4;5;4;4;5;0;4;4;5;4;3;5;5;3;5;3;5;5;3;5;5;4;3;1;1;1;3;1;1;0;1;0;-99;0;0;1;0;1;0;0;-99;0;1;0;1;Improve Quality & Efficiency;4;4;1;1;1;1;1;0;0;0;0;1;1;0;1;0;-99;0;0;0;0;0;-99;1;1;1;0;0;0;-99;0;0;1;Backharvesting Project Experience & Lessons Learned;0;2;We are operating in a very specialized segment (Insurance Product Modelling) and have therefore started to establish our own standard.;1;0;0;-99;-99;1;1;1;4;5;4;2;4;2;1;5;4;2;4;5;3;4;5;3;5;4;4;2;5;5;4;1;4;2;3;4;4;3;3;5;1;9;3;5;10;20;Leave room for interpretation, which can in the end lead to dissatisfaction of the customer.;Missunderstandings which slow down the process.;Leave room for interpretation, which can in the end lead to dissatisfaction of the customer.;Puts customer's approval of the implementation at risk.;Rework & Refactoring.;1;0;1;0;1;-99;"Mozilla/5.0 (Windows NT 5.1; rv:18.0) Gecko/20100101 Firefox/18.0";-99;0;-99;381045,381055,381096,381268,381738,381735,381737,381736,381276,381613,382180,382176,381638,379916;0;1;0;-77;-77;43261b83b973a0505ab42e54fcb9f9bf;1;0;1359670358;31.01.13 22:12;31.01.13 22:41;0000-00-00 00:00:00;40;127;496;608;1070;1347;1742;851;857;1720